-0.670128196535746,-0.669369217414334,-0.669777174517827,-0.670803636094395,-0.671954196503953,-0.672363245197488,-0.672127976708349,-0.670934920951826,-0.668107664009151,-0.66613353092322,-0.66508408820973,-0.664663010616168,-0.663245802365778,-0.661035787168894,-0.657411126436739,-0.652380953853795,-0.645876647185128,-0.637315389669901,-0.627246497550854,-0.617933310361395,-0.611245415844178,-0.60694683288357,-0.604661768750021,-0.605253128827792,-0.608122753015837,-0.610417902187589,-0.612194110290776,-0.608346542561557,-0.601784312036961,-0.592016617244272,-0.581762913217049,-0.571422627445284,-0.563400430166481,-0.56068091761751,-0.563135594311674,-0.570266612628286,-0.579068502361914,-0.587613927165648,-0.593733550648064,-0.593884814726221,-0.589663231319868,-0.582326741231183,-0.574421268727787,-0.568390175938189,-0.565683709349063,-0.567112220993586,-0.570565211032602,-0.576010912472368,-0.583542143175019,-0.595336483468376
-0.656299679227737,-0.653309760515634,-0.651566199141182,-0.651355475426844,-0.652099570725627,-0.653013835141594,-0.65399611068433,-0.654605136576342,-0.653425115655997,-0.652358749005319,-0.652394774327228,-0.653766318846279,-0.65496100783967,-0.655340557643544,-0.654611115830194,-0.651795393522658,-0.646406067158189,-0.638460759835701,-0.629018027473324,-0.620111770099043,-0.613137549747469,-0.607488210224696,-0.604230400752821,-0.604459289275014,-0.605746962137778,-0.607083639063077,-0.607543660210388,-0.604462290422801,-0.598884863060047,-0.590544947269139,-0.580332709847687,-0.569769052912587,-0.563123126702838,-0.562298528065878,-0.566665645589452,-0.574561552159608,-0.585466450855145,-0.595240681893336,-0.599793897994269,-0.598185484251541,-0.592047203745916,-0.584516271578675,-0.576697453725851,-0.570696620518282,-0.568481911623237,-0.568820205373395,-0.571206940213442,-0.575915743115916,-0.583803092354674,-0.596173061186165
-0.645541940343809,-0.640622616706467,-0.636914132098145,-0.634722353213109,-0.634433654710344,-0.635621440238266,-0.637293570246133,-0.638776212360309,-0.639393309681282,-0.639679089100465,-0.640949642366282,-0.643653345893637,-0.646914327134645,-0.649821405499038,-0.651742196653666,-0.651096680859719,-0.647429857605738,-0.640129777010532,-0.631772980700475,-0.623237465894556,-0.615996040780212,-0.609391451793947,-0.605074997883814,-0.604962122750279,-0.606125339737851,-0.606700868528654,-0.606639665416847,-0.60418347510363,-0.599473351891635,-0.592879622243124,-0.584879774721435,-0.577730093799114,-0.57220748158147,-0.569004578133684,-0.572602794219139,-0.579775975893526,-0.593942318178931,-0.603549776419667,-0.604507293042003,-0.601346147754657,-0.594423840353581,-0.586998810670699,-0.579709516621434,-0.574165586422945,-0.571363281018806,-0.570890184398012,-0.572582379620802,-0.577359891385542,-0.585549808235792,-0.598552436988523
-0.637381300585161,-0.630379038751992,-0.625301558280955,-0.621662861204267,-0.619284166547209,-0.619468377118496,-0.621700357845056,-0.624089798318816,-0.626181996437345,-0.627569862785012,-0.630190478013045,-0.634115116659806,-0.639021971644869,-0.644531874986685,-0.648987339264371,-0.651251129875445,-0.648777606258669,-0.642594009849494,-0.634864938303493,-0.626999418484518,-0.619711041184832,-0.61258738793344,-0.607058309248732,-0.605819139410977,-0.606845636192407,-0.60741828638634,-0.606085086378392,-0.603190310847742,-0.600029691505747,-0.596359106953233,-0.590597786275964,-0.587983218048792,-0.585453724396073,-0.577802589023681,-0.57794465282557,-0.583764044169609,-0.594879536479227,-0.605344727520946,-0.606010500763834,-0.602273828177218,-0.595472027869521,-0.58908518615054,-0.582983917950462,-0.577446093203362,-0.574076199387758,-0.573078761341604,-0.575086937538029,-0.580191201009502,-0.588984117968698,-0.602022538905183
-0.630763573745322,-0.622485451769296,-0.615841818646509,-0.610672627755382,-0.607444626978738,-0.605775407475174,-0.607438344269328,-0.610690597942079,-0.613083303284073,-0.615508401092315,-0.619286640642005,-0.624793693715033,-0.631709632261822,-0.63966185328787,-0.646957626980418,-0.651662709482557,-0.650928563978905,-0.645770238479259,-0.638147682789646,-0.630806215455075,-0.623717219894959,-0.616613054711707,-0.610959570708812,-0.607951886578901,-0.608182331121022,-0.607986253049054,-0.603611105547162,-0.599301781730538,-0.597593602099525,-0.595673189720521,-0.59323060482746,-0.595727568374771,-0.594940214601581,-0.588664927279227,-0.582712244211536,-0.583186077356783,-0.591339574328521,-0.601319033450221,-0.604526229701813,-0.602593597702697,-0.595573469542544,-0.589894785656566,-0.584836522198361,-0.579810023813677,-0.57671552173265,-0.576119599985102,-0.57893541278146,-0.584917424392042,-0.593585384590051,-0.605827895376906
-0.624321253301965,-0.615802723704742,-0.608451088192559,-0.601952410592923,-0.597172960866595,-0.59502184904992,-0.596131540409518,-0.598368337505015,-0.599652623546915,-0.602311407375053,-0.60755359627046,-0.6153026061957,-0.625282436074986,-0.635759433492662,-0.646253648417221,-0.652879336520686,-0.653072210878071,-0.649135312514443,-0.641910340574563,-0.634989961649671,-0.627979125772683,-0.621112522533331,-0.615944035368474,-0.612712610599194,-0.612463007775515,-0.60953498266533,-0.602274512665752,-0.596795886736657,-0.593595873075374,-0.589616649486128,-0.592071598198331,-0.598342532086484,-0.599988107515159,-0.59405802170685,-0.584329346633545,-0.579805589709754,-0.584641435515928,-0.596084917024961,-0.602328934845603,-0.602081093238758,-0.595463976467004,-0.588120188745216,-0.583766983931762,-0.581348485658689,-0.580916633753352,-0.581992017357779,-0.585533461603517,-0.590964320945071,-0.598428558342228,-0.609826560728019
-0.618412023897467,-0.609138823388372,-0.60201301364356,-0.595243663190551,-0.589558450249555,-0.587412846938915,-0.588769727690057,-0.588581865711784,-0.585990829829929,-0.58749571878124,-0.595397320362985,-0.606809085977982,-0.62054480450675,-0.634208413999195,-0.647345340869032,-0.654227140508427,-0.655188204216547,-0.652157775953438,-0.645787586123395,-0.638955091155082,-0.632198854931068,-0.625869157970014,-0.621931899706768,-0.619003991387817,-0.617154478548891,-0.612449282238907,-0.607222161519012,-0.598467339323343,-0.589500249882589,-0.583646743051835,-0.585770263271762,-0.592545418621986,-0.594860029057148,-0.593678273025193,-0.587425302110693,-0.584271033003612,-0.585401078773116,-0.594646178783879,-0.600405382383663,-0.59846155418616,-0.592640465351766,-0.585937946422253,-0.582907597967595,-0.586013519358866,-0.589176443164771,-0.591133893054333,-0.593500151074276,-0.596823736215134,-0.602446356951236,-0.612273328469076
-0.613954664056192,-0.60405652924623,-0.595992238151653,-0.589891084107962,-0.585198497827687,-0.58309792993932,-0.583619859277697,-0.580447170670619,-0.573362053819348,-0.573901144878467,-0.584971593257609,-0.600544783224204,-0.617938995335116,-0.63483561804996,-0.649889819882033,-0.657105033734562,-0.657841900627253,-0.653446246346053,-0.647236701100086,-0.641039374209704,-0.635050841285456,-0.630371515051036,-0.627556276862373,-0.623834189940202,-0.618441556919536,-0.613957832176152,-0.613611239596881,-0.604241290349714,-0.589052018315002,-0.579084594525669,-0.58404274385166,-0.594773301203397,-0.599376658793839,-0.60004412541323,-0.595250552062931,-0.593671640758909,-0.596691185650366,-0.601910554412239,-0.600185522552392,-0.593701154594134,-0.588748838039062,-0.587483627603709,-0.588360224109389,-0.592467157105261,-0.597589705524007,-0.599681040691651,-0.600982011866829,-0.602074765149846,-0.605602474184296,-0.613604168234704
-0.61130329263478,-0.600549811564928,-0.591938379522147,-0.586136531436652,-0.58192308817263,-0.579889573832117,-0.579059004971557,-0.573481043322428,-0.564661545613982,-0.566884219465658,-0.579405608293184,-0.596289172787196,-0.615748890918656,-0.634577340408918,-0.650369451649511,-0.656543843939679,-0.65668302086615,-0.649304142395361,-0.642120217633783,-0.636367770898139,-0.63140388943134,-0.629990801864158,-0.630274359945783,-0.627120726648751,-0.616955527357223,-0.612226622021313,-0.613784171417226,-0.609523727210965,-0.598802104368191,-0.590736855729391,-0.590081206017255,-0.59850615833298,-0.609474676478171,-0.616660949348389,-0.610100336289842,-0.608817683306232,-0.609866789473411,-0.608704218896182,-0.602838702287266,-0.591507090655162,-0.587162762382256,-0.590901251392086,-0.59658463636083,-0.600529020785115,-0.6024869778991,-0.605145126507224,-0.607071705043957,-0.607657962055124,-0.609715345712097,-0.615771188774739
-0.608502869668168,-0.59753618388658,-0.589968988999609,-0.585117821834358,-0.581536929976717,-0.578421600951629,-0.576042921657931,-0.572077382322581,-0.566409048857944,-0.566846900633062,-0.576007822271086,-0.591914289828941,-0.609378225783836,-0.630702976846963,-0.647918782512155,-0.653371361292099,-0.650002909866418,-0.640679604678556,-0.631976118043301,-0.626254013316184,-0.62242907475634,-0.622177341813223,-0.626932829355903,-0.628235001645023,-0.615857556575423,-0.607976019266385,-0.608394503858598,-0.609372711572656,-0.604236867431406,-0.597845071773493,-0.59389986757555,-0.598443162574694,-0.618971080485768,-0.631780861645911,-0.624086695656934,-0.615303101185439,-0.607012752154311,-0.602784481171888,-0.60015487619518,-0.596636593742627,-0.592789937189441,-0.596623372776167,-0.607181420174546,-0.608736437846766,-0.607728423642224,-0.608988358646166,-0.611499981421038,-0.613622510773958,-0.615550286425983,-0.620980632076658
-0.604591120396417,-0.594772957233038,-0.588479039484246,-0.586417775265146,-0.584562701221075,-0.58025438631094,-0.576137898545739,-0.574276948528515,-0.570337769229459,-0.567608732470637,-0.571138379350285,-0.583290456099965,-0.599474743850017,-0.618463873423132,-0.63527061311422,-0.639903322571459,-0.636082820072195,-0.627677677022963,-0.618542400516946,-0.612253225030025,-0.61106644209903,-0.61224920086072,-0.618650881013833,-0.623143910416675,-0.611603831081019,-0.602281867366073,-0.600115149875338,-0.600781019330839,-0.597063660789934,-0.593445074955578,-0.589274653983248,-0.587356889749169,-0.604499978111983,-0.619216581527775,-0.612871043385401,-0.607421909785365,-0.600220669853207,-0.597050779703839,-0.599618212805973,-0.604024776793133,-0.602134866127757,-0.606030520098264,-0.615104390228117,-0.615963473644265,-0.612618230833819,-0.610962421448984,-0.612609213463122,-0.615101091616981,-0.618610619620287,-0.624860476816918
-0.600129973313553,-0.593255551327235,-0.588141771586209,-0.587143612301143,-0.586783421010042,-0.584071423025884,-0.580491476181866,-0.578284929071816,-0.571074724314893,-0.564582841250422,-0.56341545959132,-0.571780461939197,-0.587576862212271,-0.603856528481197,-0.615938970331128,-0.619590975055043,-0.616368641541955,-0.610010628899529,-0.603107017090781,-0.598660220006664,-0.599739564652655,-0.601718988046264,-0.605481038390068,-0.608901057562898,-0.60269980584361,-0.595075806383074,-0.595238826214998,-0.593537038830649,-0.588341959586491,-0.583791624203349,-0.574099008368078,-0.562790419329062,-0.571252409723904,-0.589103738699812,-0.581691640834597,-0.587833610781127,-0.590241954981049,-0.59102139639063,-0.599057463311951,-0.607993311688152,-0.611137371504657,-0.610143567720824,-0.614122871002784,-0.616490585843803,-0.613314311820652,-0.60937562878628,-0.607954039218207,-0.609416127599238,-0.613769680269867,-0.622070129405514
-0.595085693883754,-0.591711785991355,-0.589118809491631,-0.58844440093412,-0.589008259479835,-0.587454500700723,-0.584695895303155,-0.578762076921431,-0.570543783631809,-0.561444146186141,-0.555858266621008,-0.561614478207767,-0.574657932388301,-0.587933624428244,-0.59597403770397,-0.596170808263044,-0.593645005219053,-0.59068623552525,-0.587245665789607,-0.585470272697483,-0.588656949080901,-0.591294022735462,-0.593457018001719,-0.595735082218377,-0.594123426460363,-0.58797063866382,-0.587822697683358,-0.589637449624309,-0.587074430721676,-0.579925425384672,-0.562606840855183,-0.538239000504165,-0.539203439078297,-0.563350642243489,-0.557184578210927,-0.568940678031686,-0.57887324669704,-0.583976710212356,-0.591977460954907,-0.601862352377573,-0.608922282271379,-0.60637870368869,-0.605834198530729,-0.611034266831314,-0.612055051207883,-0.607017707318203,-0.603025748369029,-0.602990689415711,-0.607040903824747,-0.616991803907859
-0.591018533698194,-0.592053537617115,-0.591273463948186,-0.591352085749134,-0.592394153597244,-0.592172015477258,-0.587578051157011,-0.579024802705933,-0.570618650022604,-0.560215171193804,-0.555576611022287,-0.558512698274347,-0.565401315809537,-0.572780795982199,-0.576148910585256,-0.574412379802939,-0.572793937384649,-0.571545900393177,-0.571094072119959,-0.573091134854218,-0.577862278048467,-0.584159548336184,-0.58845512128433,-0.588090763848315,-0.588194005225091,-0.583997613975244,-0.582913618748357,-0.585970233519431,-0.585847266569776,-0.57849517468909,-0.556667707474033,-0.526188031287548,-0.512325105079348,-0.547120776648578,-0.54929325832564,-0.559424052592329,-0.571091857358545,-0.578727195127539,-0.584355631718329,-0.591101988680373,-0.595190769396264,-0.597914879374335,-0.597104741260144,-0.602183620377545,-0.605153312400221,-0.604031390948637,-0.60165830467115,-0.601494059202938,-0.604950868499054,-0.614319142715951
-0.590881547001234,-0.594516473415372,-0.595178059679958,-0.595442862998189,-0.596572438961937,-0.596965627746137,-0.588067269258351,-0.578638618262969,-0.56960438016122,-0.560418068166878,-0.556235974192395,-0.557195589102135,-0.558365629519772,-0.558100662563643,-0.557790377098072,-0.556804854832057,-0.555589985641631,-0.554491305432979,-0.55523005493914,-0.559121729029594,-0.567087410275192,-0.576362916051539,-0.584232031845009,-0.58570748105138,-0.582826602738897,-0.578565730955923,-0.57885469368118,-0.583093622113211,-0.585258663813612,-0.577557872471317,-0.549050504417325,-0.521590137447842,-0.504014590183532,-0.549306205261808,-0.537484316571449,-0.547890872875802,-0.566196056202354,-0.577326935804303,-0.583074593433872,-0.584204718263537,-0.584035404661902,-0.584839319734832,-0.589208527020457,-0.59363082475935,-0.596770617317462,-0.59962944882707,-0.60179761045423,-0.60342669097981,-0.606026740175176,-0.612625253906944
-0.592476606989973,-0.597588811599605,-0.599737375967182,-0.59930331993839,-0.596746528298125,-0.5912193885202,-0.584201637105961,-0.576105635137325,-0.568268543471866,-0.560389523078839,-0.555640146086538,-0.553784412444268,-0.551051214924121,-0.547117675,-0.544134470561208,-0.543236149662599,-0.541926534528144,-0.540510844884655,-0.54136905541996,-0.54592269240537,-0.555469708886315,-0.567420398162492,-0.577171498268432,-0.579874186161244,-0.575392128897951,-0.572609067654624,-0.57530984471513,-0.581902607299659,-0.586438031282494,-0.58203876277263,-0.56105872162766,-0.536386126751853,-0.506550524566452,-0.52372347189342,-0.536564532404239,-0.545752475483982,-0.564888130017345,-0.57523180672766,-0.578120927514989,-0.57847172881939,-0.574200671219037,-0.574049312839218,-0.583300720737064,-0.59179115219671,-0.595621969366197,-0.598754442340589,-0.601631326710345,-0.603360228706989,-0.60494104381162,-0.6090005979337
-0.592514173862486,-0.596312225526053,-0.597314342175952,-0.595977854514887,-0.592368663632621,-0.585489042439998,-0.577599779713167,-0.571400486882382,-0.565258674105959,-0.559830706733176,-0.554502190670524,-0.550704637488302,-0.546229593682043,-0.541046753304935,-0.53627496300329,-0.533735318305309,-0.531732280459486,-0.529961104999533,-0.530630294385257,-0.534386251089637,-0.54349103788566,-0.556437737812083,-0.564627094607966,-0.566283135520941,-0.563329323314727,-0.564034938077958,-0.571590661116473,-0.579652176493849,-0.586560038718513,-0.586777290284808,-0.575621448466593,-0.548689546627013,-0.516696028637265,-0.525806059937875,-0.540533274056729,-0.553010755130338,-0.56989232554019,-0.576821848943962,-0.577453935283794,-0.578000503962624,-0.574918003532694,-0.574086678575026,-0.584698808442381,-0.595560832889597,-0.599628696159884,-0.59848788878706,-0.598590044190587,-0.599415881079397,-0.600669621660486,-0.60414766184222
-0.591176373858719,-0.593054264616378,-0.591391241358691,-0.589025951110658,-0.586570397062018,-0.580702010514774,-0.572572381617923,-0.566438892643156,-0.56259370733331,-0.558077625072537,-0.552892522218764,-0.548583035785452,-0.543221694572449,-0.537326857203848,-0.531860193971444,-0.526840106952614,-0.523870223386319,-0.521341063216072,-0.520918965974721,-0.523086515201847,-0.529785081498805,-0.539628257219806,-0.546775285648784,-0.548178020127534,-0.548979574675844,-0.553835628764708,-0.563836507185902,-0.575838804924462,-0.586888519222291,-0.592214354475239,-0.586079175575578,-0.561830146260718,-0.541919185918483,-0.549096459423998,-0.555140311461207,-0.566879721977685,-0.580445348172938,-0.58279850170454,-0.582535280916197,-0.585708633788389,-0.581080074262038,-0.579739508509784,-0.58717543931672,-0.597971564181642,-0.59885258897792,-0.595485293703933,-0.593277963615465,-0.594307406541074,-0.597366971534795,-0.602591567250114
-0.59020049578949,-0.591134181095556,-0.588644729441822,-0.58489241327125,-0.581282965378281,-0.577171939988746,-0.569583609641337,-0.561937162254914,-0.554671904457055,-0.550189795189748,-0.548695199067844,-0.546169325548204,-0.539705852918184,-0.533920137978403,-0.528174050177209,-0.521901362327542,-0.516624080485014,-0.511831482119008,-0.510393932378837,-0.511650570808714,-0.51614126044596,-0.521049376998983,-0.523993649747744,-0.526476506442994,-0.532313176487994,-0.540937746875421,-0.555350982374669,-0.571213702090871,-0.585472174021324,-0.59307363379385,-0.592063067758994,-0.576195311021045,-0.56665961838011,-0.573444566802299,-0.574208754673256,-0.579398752325547,-0.588552747731213,-0.58775862642537,-0.58449097368315,-0.585413406740204,-0.58318665774382,-0.583449834419146,-0.586660300451788,-0.593783184722692,-0.595492479934877,-0.594576990296943,-0.593481396215294,-0.594090366218441,-0.597305189601881,-0.603672350544591
-0.588523828084159,-0.590007601529558,-0.589319898493951,-0.586239567384047,-0.580744727189787,-0.573794658889507,-0.566059259940869,-0.557516459586481,-0.54791020355865,-0.541520421393248,-0.541128330895191,-0.541606999212857,-0.536520993777283,-0.530231776282651,-0.525830138475528,-0.519767094470188,-0.512047259436083,-0.504758539554182,-0.501714145213317,-0.501993130793715,-0.504170873166699,-0.504849109353236,-0.503259441628247,-0.506803196465256,-0.514296814835166,-0.52545226899187,-0.541911037969206,-0.56284149360169,-0.58069534251159,-0.588202989177938,-0.587904537362657,-0.579343027527254,-0.576484395103136,-0.581397106546013,-0.580834491987632,-0.584588040159638,-0.591113312057065,-0.586844201221907,-0.577818895133107,-0.575151419913247,-0.579537057835275,-0.585322781398813,-0.587893665679295,-0.59195075273401,-0.595592572073616,-0.596702925937165,-0.596741266802168,-0.597490261745996,-0.599513679402768,-0.604733050210384
-0.587520912374492,-0.58944974603115,-0.590989763762753,-0.589617713119424,-0.584664080693578,-0.577354755710255,-0.570375319656386,-0.560900706558672,-0.548201482198661,-0.539415227478665,-0.536809789317261,-0.537528785706652,-0.53542382373643,-0.530961147248948,-0.527320929123331,-0.521754803903263,-0.512169402241469,-0.503172487115904,-0.497853381505944,-0.496380950124389,-0.496424608422167,-0.496067245446963,-0.493903891259516,-0.496266031802726,-0.501963766243935,-0.512356654868539,-0.528487604745955,-0.550002004139978,-0.564914076665963,-0.572212602748476,-0.572442392351062,-0.568923770477808,-0.568738201748579,-0.572904546661816,-0.575080211315395,-0.579777302767214,-0.585769482472672,-0.581146380261479,-0.564699744136177,-0.567822164916564,-0.580597135831255,-0.589481650397803,-0.594380130801187,-0.5986202579246,-0.602675077645586,-0.60231978353624,-0.600577259310197,-0.598935519153338,-0.59942653037227,-0.603505104085891
-0.587464716531541,-0.588784512326507,-0.59080634341159,-0.591312298947838,-0.588932746932475,-0.585033096495258,-0.581149887812194,-0.571794783277628,-0.556537246792303,-0.544499954168748,-0.539835399162973,-0.538700987805567,-0.538007055032189,-0.536372748598021,-0.532976875085325,-0.526642610163472,-0.517437931935628,-0.508327218478366,-0.501634699579219,-0.497481239156575,-0.495847861654101,-0.497169810111046,-0.498269435983284,-0.501620384836931,-0.504717490030732,-0.510805043674762,-0.520354769698223,-0.535009936557073,-0.544931200221977,-0.552125442861639,-0.55346085054473,-0.551638384112981,-0.55136689507333,-0.554254573648987,-0.558469763877662,-0.566427897819077,-0.573547397624257,-0.572448606765084,-0.565617025365011,-0.574124673361629,-0.587659097334252,-0.596885384235312,-0.60197581652615,-0.608291617143149,-0.610573419861988,-0.605780159301893,-0.599898352793653,-0.596478166382148,-0.596548151981748,-0.600387449544518
-0.587972275927303,-0.58813773580959,-0.589777848730564,-0.591138370521768,-0.591335228140874,-0.590285539519209,-0.588046257787187,-0.579189626528337,-0.564472588599243,-0.555503289010791,-0.551201989436165,-0.547766286159305,-0.546297406662448,-0.54450971776009,-0.540249635629202,-0.533414382983424,-0.523773159069053,-0.516518270888358,-0.510947935305702,-0.505649938220051,-0.503378545641506,-0.50413726251318,-0.506689262091188,-0.510226117434315,-0.513395651144561,-0.515204939106674,-0.51893878824224,-0.526326039863569,-0.531943623141151,-0.533500640376796,-0.533000942633178,-0.531414947116056,-0.530617694281132,-0.53352773285667,-0.538317116762582,-0.546931138650515,-0.560453736138302,-0.571298764483085,-0.576359403382793,-0.587257267586929,-0.598816913043527,-0.604245007175645,-0.608024071757347,-0.611428200252434,-0.611836358146604,-0.605879166138263,-0.599260303519372,-0.595231691081153,-0.595151500760889,-0.597928391668128
-0.59043847183861,-0.587775201375497,-0.586949447084762,-0.588147891539208,-0.590064869618027,-0.59090992075332,-0.587176194315903,-0.578145375883217,-0.570285757328941,-0.566231503050456,-0.563691774065125,-0.562289471490418,-0.55964139528139,-0.556019486621617,-0.549484851989682,-0.540584945666091,-0.528856089290558,-0.521597900845822,-0.518201795433706,-0.515086115438791,-0.514040354312683,-0.513981048132772,-0.514348755977282,-0.516328059634689,-0.517870028105928,-0.518942291570581,-0.519903474771658,-0.522647236753309,-0.524861898782127,-0.522425361979534,-0.51643002730542,-0.51015450466067,-0.508133647271299,-0.51342976095935,-0.51912908042516,-0.535691992361791,-0.556484843284607,-0.57149301466543,-0.58339368018631,-0.59783619153206,-0.607685290737718,-0.613005228467091,-0.61216181336037,-0.612186567799699,-0.611301423302711,-0.606217390756033,-0.600568775063703,-0.597767582627494,-0.596718521978482,-0.598109396394109
-0.592909689452738,-0.58743298321993,-0.583949810041954,-0.583761258960591,-0.586615769480821,-0.588667863834783,-0.583373353498548,-0.576783761412785,-0.57467321497269,-0.574710425965994,-0.574430361893441,-0.574964937445277,-0.574172000853643,-0.569249381934504,-0.559589292176026,-0.545292279011853,-0.531432884896353,-0.525619166065499,-0.524524170753392,-0.524069825200985,-0.524128451208297,-0.523362936047676,-0.522285890639585,-0.521601489373651,-0.521363162968922,-0.520832701575089,-0.518635220781771,-0.517677096970068,-0.517352628593072,-0.513666159639087,-0.50546266917339,-0.498718171347424,-0.497874714149305,-0.503354520190389,-0.514745316706524,-0.534787417815456,-0.555669279593945,-0.572672525663256,-0.586565760808425,-0.599090131220095,-0.608630776568704,-0.614780215913792,-0.61278800162366,-0.612126503252485,-0.609383878882831,-0.603244823984668,-0.600096763065572,-0.599141268408284,-0.598769560997887,-0.599171027661385
-0.594468508326786,-0.587694833960742,-0.583272537400226,-0.581743771664529,-0.582662281079735,-0.583281433690468,-0.580123182923105,-0.576929837864904,-0.577316082852576,-0.58077833937727,-0.583397659894328,-0.58501743217707,-0.584484472738758,-0.578738713257196,-0.567529832897519,-0.550048447361139,-0.534832660697242,-0.529626797253346,-0.53123790235059,-0.533780749964531,-0.53473392716131,-0.533755377554743,-0.531575153961973,-0.529529881308599,-0.526653856339665,-0.522196485024439,-0.517225881522421,-0.513577183269685,-0.50997824359715,-0.504102660938715,-0.499371016701751,-0.496759977694931,-0.499119803083083,-0.507149023692102,-0.520829022157979,-0.538778861567612,-0.55711310871945,-0.572482793723584,-0.584271081802773,-0.592005606169981,-0.59983686186311,-0.604887253069705,-0.606376523977953,-0.606674561240964,-0.602165575200811,-0.596299884200759,-0.594132462083726,-0.594992464752112,-0.596069830037999,-0.596827232270522
-0.593726039524154,-0.5873030684338,-0.582566746224457,-0.579989704497272,-0.578939664297475,-0.578451068016352,-0.577443127200627,-0.575769982869421,-0.57745162854919,-0.584496503473899,-0.588580984661023,-0.589291498467963,-0.588295026382691,-0.584336614971825,-0.572538992429531,-0.554222787754736,-0.540948893416623,-0.536718754410307,-0.538662452799406,-0.544105693544921,-0.547366484871286,-0.547251986868067,-0.542166728846896,-0.537291785279125,-0.531321572457038,-0.524559089501309,-0.517662791296789,-0.510990813104543,-0.503517455766628,-0.49771622904146,-0.497074189864901,-0.500831940291947,-0.508233499023794,-0.520425258521309,-0.535731243754591,-0.549680718285837,-0.56187865688985,-0.570419638748951,-0.576936227445648,-0.58388241302624,-0.589126514913946,-0.591322397716441,-0.592748792257053,-0.594953743558848,-0.595019272014091,-0.592315360366756,-0.589768190483343,-0.590707111708475,-0.592423826683406,-0.594001162878352
-0.592226488041527,-0.588472272188817,-0.585192053326273,-0.580874147289819,-0.57698132487232,-0.576335213660137,-0.576082699237487,-0.574104349332881,-0.576656112823434,-0.586274579366494,-0.590336443190845,-0.587760134981565,-0.586641646740957,-0.583794367147094,-0.57030817850229,-0.553867607899421,-0.546847244767478,-0.547382639221482,-0.549771512789583,-0.555560630746325,-0.559767693979452,-0.559174906654991,-0.55124492740774,-0.543021623884267,-0.534717997833796,-0.526472465328098,-0.51890215997503,-0.510770887758912,-0.502268316436801,-0.496405049360698,-0.497818638079647,-0.505588089779395,-0.517829850090471,-0.533523913585578,-0.548103424068123,-0.560054709739539,-0.567688171933185,-0.571490288203856,-0.574082571156943,-0.578289234528482,-0.579873852785795,-0.580535587549056,-0.580249048570105,-0.584447422443096,-0.590102474127225,-0.592710997759116,-0.592184483744396,-0.591658969194671,-0.592705579446162,-0.594519728571466
-0.594431869137432,-0.593162848768166,-0.591553758454262,-0.586699313390813,-0.581118562269531,-0.579117867791742,-0.577851162772279,-0.575307427092211,-0.578325249777435,-0.587664840330025,-0.587715006460449,-0.577190199035686,-0.575908633293849,-0.575025418006448,-0.565911268156522,-0.554365760369046,-0.553308611970587,-0.557848037392058,-0.562789872418814,-0.567970664608211,-0.571138655201781,-0.569676457077142,-0.559141132047291,-0.548023284539443,-0.538597441218203,-0.529138041283626,-0.520994175553121,-0.512098689108525,-0.503087410372805,-0.497657780482199,-0.502202925641629,-0.512099845256438,-0.526625943707065,-0.542523513826113,-0.555952922866432,-0.566782434059647,-0.573092496540646,-0.574249361425352,-0.574403864287468,-0.576092691693697,-0.575927419660149,-0.575200948810198,-0.573970232524976,-0.57551956577432,-0.583148946872089,-0.590561647680542,-0.594743754848232,-0.595825424079249,-0.596326740174677,-0.597038044504915
-0.597110301098851,-0.595888151163756,-0.594675928695017,-0.591702718420467,-0.588107330145637,-0.585594291476876,-0.582973090306098,-0.578883727473774,-0.578833055563075,-0.581151599330832,-0.573661286894963,-0.562248421490571,-0.565837162646675,-0.569122348899443,-0.564163025262831,-0.55892547258994,-0.560749678701228,-0.56638251685036,-0.573500438633575,-0.58033668323478,-0.582300803805132,-0.578858996304178,-0.567579451956497,-0.555859510596128,-0.545221254140514,-0.536461768996372,-0.528037692540565,-0.518797978945288,-0.509778583451906,-0.504657291298836,-0.507887207660983,-0.51776655601889,-0.533080003519141,-0.548582989006987,-0.561801615813429,-0.57229581554121,-0.577832224533656,-0.57897108610456,-0.578891780991332,-0.580765516263909,-0.580907250678525,-0.579248897461449,-0.575740720568509,-0.572939024381273,-0.577855218778817,-0.585596599754853,-0.592513908375151,-0.598200954524947,-0.600807928321581,-0.599325865454687
-0.596672656856785,-0.595017044167594,-0.594103633068809,-0.592875390353445,-0.591383909357276,-0.590192026904516,-0.587885347453098,-0.582900024230528,-0.581524364180454,-0.577440152738822,-0.568029449859774,-0.562856000558004,-0.568639118270568,-0.570990280997731,-0.567284822039647,-0.568000880555715,-0.571368194861638,-0.572724981024153,-0.580165909389924,-0.590008903376584,-0.590243674463974,-0.582580919366156,-0.570853469168302,-0.563929241654476,-0.557969574318877,-0.55082729011825,-0.541673177981907,-0.53026138424909,-0.521109829766488,-0.516507688728058,-0.517870211570854,-0.524749653773815,-0.538734169861991,-0.553228151349446,-0.565694355588892,-0.575048966063402,-0.581702071799422,-0.583517624353038,-0.584476650128789,-0.58759332036079,-0.588266124798712,-0.58630352739054,-0.582385153584824,-0.577822809302624,-0.578216180038903,-0.583207341400323,-0.589462912214426,-0.595419500218927,-0.599273724507517,-0.598726575430624
-0.594680477514887,-0.593512078850031,-0.593186127160232,-0.593142167278931,-0.592504523368402,-0.591744606478305,-0.589694824325164,-0.583373521132596,-0.581103448234556,-0.58314889577614,-0.578152057491428,-0.57731496180676,-0.579466269362625,-0.576285603548034,-0.574055922587921,-0.580264172588383,-0.584744986102454,-0.579220347249847,-0.584002105264036,-0.594181548555153,-0.590880284010453,-0.577512749674078,-0.569378399994174,-0.566696431696756,-0.566074753825588,-0.561614934407702,-0.553731636672082,-0.543105913837755,-0.53271066899288,-0.527469736549833,-0.527702478479256,-0.5331825530052,-0.544228952672561,-0.55650470051937,-0.567839696544327,-0.576205729260232,-0.580988014568541,-0.583144427633949,-0.58395275178221,-0.585668730331713,-0.587354633948492,-0.58800736747325,-0.58566065053149,-0.583635793313899,-0.582477057958231,-0.584687433831795,-0.588971955133688,-0.593728753203144,-0.597044848366977,-0.597234305474692
-0.594702548810167,-0.593583865650475,-0.594500926947812,-0.595117208761799,-0.595232432984045,-0.594647025356595,-0.589184946837107,-0.576558403566165,-0.575320804819656,-0.58893710696777,-0.58896914951345,-0.587159469626403,-0.589892600087306,-0.584673197169807,-0.579327460727284,-0.583565665089193,-0.589086974907766,-0.587312754273831,-0.593980222691094,-0.591605946158002,-0.582749694509165,-0.574378138622405,-0.571131028204553,-0.568427415142371,-0.567676675735782,-0.566519293177853,-0.560999464955407,-0.55242802766573,-0.543489669132515,-0.537616206486073,-0.536837287977939,-0.541476807277976,-0.549043918915877,-0.558288801680438,-0.567428373793449,-0.575088634755252,-0.579410229370509,-0.5820420516233,-0.583529381696171,-0.584859144314138,-0.586869771880173,-0.588040095476006,-0.585560541534707,-0.584460745957199,-0.585194177496685,-0.587326753700175,-0.590075820823829,-0.593315969644025,-0.595924692022936,-0.596316586913006
-0.59819116464661,-0.597479149443368,-0.598230876596794,-0.599157135629375,-0.599590903894292,-0.597866683291321,-0.590408935971775,-0.581216691677436,-0.577714509156744,-0.589655950865649,-0.593549414810465,-0.59349521619531,-0.598184476204191,-0.598292488066804,-0.592216155580824,-0.581518916198293,-0.580282433811498,-0.59758503952014,-0.598864263666063,-0.588054838069661,-0.580843707779815,-0.578482633794764,-0.576914835544857,-0.572219244251322,-0.568378357656587,-0.56691939198952,-0.564627004833582,-0.558637336796009,-0.552300354951045,-0.54708485181455,-0.544992942641028,-0.547780559923486,-0.552661110230765,-0.559520475010546,-0.566814416166864,-0.572974579489567,-0.57713834012156,-0.580457966549381,-0.583154873813916,-0.586286518498349,-0.5891249980294,-0.589036430253935,-0.586212625767563,-0.585012674532401,-0.586578969997065,-0.588496210056982,-0.590860756169333,-0.593673168809391,-0.59588027134578,-0.596332726412548
-0.599771464697594,-0.599647226057523,-0.600375522419636,-0.600934395983336,-0.601081592351094,-0.597989684327366,-0.594682775407929,-0.592273279048316,-0.58970038756715,-0.588553456139826,-0.594022472545126,-0.59930048779146,-0.60373173128368,-0.60514287118978,-0.59984853851122,-0.586382128827083,-0.571661425281468,-0.600226585246911,-0.586438527153604,-0.584086596608528,-0.585606889107332,-0.587988416708019,-0.587290780356313,-0.581969360182382,-0.576980384805405,-0.575067537949252,-0.569733400229154,-0.563829747735438,-0.559248032025163,-0.555553635274319,-0.55322247301576,-0.554635293122308,-0.557228570310413,-0.5621553927423,-0.567179826581431,-0.572524621294776,-0.577581951111096,-0.581200015731625,-0.585352144935552,-0.5902324023723,-0.593828169784244,-0.593982193377114,-0.590666224725444,-0.588535622089419,-0.588731437590767,-0.590034600163068,-0.591065241876959,-0.593195262719066,-0.595447013651843,-0.596991087544486
-0.597262117478149,-0.597480510853791,-0.598368839407823,-0.598349485131397,-0.597196007431934,-0.596584069855624,-0.599308135164504,-0.60370481738168,-0.603449503053359,-0.590737615634146,-0.592249526483909,-0.600798200594462,-0.604070860054827,-0.604103475310622,-0.593141174434558,-0.587719483929449,-0.567931900760288,-0.591962208799614,-0.583551354197148,-0.589216119324051,-0.592378335303999,-0.597357626596342,-0.59971658448047,-0.599387245201797,-0.595450223928755,-0.585619201597972,-0.575945203633723,-0.569005572176708,-0.565400027107875,-0.562212893523958,-0.560955920205685,-0.562017799071318,-0.564117252517376,-0.566610348366019,-0.570043549903574,-0.575104336020622,-0.581671917843563,-0.58728199156751,-0.592565925938761,-0.597501218252995,-0.598838011547935,-0.59795907293135,-0.59575429715171,-0.592446389422535,-0.591668518603687,-0.59141954238886,-0.591787511101517,-0.593220913530257,-0.595783440579156,-0.598425328806295
-0.595119802677323,-0.594049317084742,-0.593864162197439,-0.592887612404176,-0.591693768933739,-0.592504051843407,-0.596599599072606,-0.605493814271485,-0.609029697696337,-0.600990827913236,-0.600969246446056,-0.606443979231589,-0.60698270731208,-0.607103006974771,-0.600390099482382,-0.59187925786455,-0.56813705740765,-0.586687683773379,-0.584962262741725,-0.587219468716391,-0.593163628847311,-0.60205999559406,-0.609115049800663,-0.612581675027643,-0.608110324565841,-0.592294816877336,-0.578873771878079,-0.572892532116234,-0.56912307357556,-0.565885359761129,-0.564784922335576,-0.566075544746865,-0.568392634352824,-0.569632680540213,-0.571558458237719,-0.578432670449371,-0.587492950810015,-0.595548324040619,-0.600885288588252,-0.605705028922819,-0.605700791467576,-0.602332691095786,-0.599048405707495,-0.597421525850978,-0.595560742463651,-0.593416930706764,-0.592627989635705,-0.593803878532467,-0.596198125365917,-0.598387632892169
-0.592338604409475,-0.589194502534442,-0.587748288324078,-0.587412422875318,-0.588037693844111,-0.589450751639309,-0.592576236814556,-0.598575538505273,-0.605295613372781,-0.612127780743517,-0.614798953138359,-0.616586543855436,-0.612742364587135,-0.608394975762033,-0.598762256082503,-0.577655909852859,-0.572582588411472,-0.573043982284782,-0.578742617166194,-0.581378959482942,-0.588046307783324,-0.598548436789146,-0.607955923831485,-0.612263664887448,-0.608186656218185,-0.59484078435314,-0.580537243480773,-0.572887358309617,-0.568706797486689,-0.564968332397925,-0.564420408985928,-0.565818586891658,-0.568542944928379,-0.569158989513335,-0.570448478959459,-0.578142958821611,-0.588254756129571,-0.597240079115262,-0.604217974424609,-0.609615571769281,-0.610500956625361,-0.606804319423315,-0.602435589365717,-0.601905884701679,-0.599168204934121,-0.594846631352405,-0.59290407448161,-0.593761409954492,-0.595876276166403,-0.597688207564935
-0.59003809740681,-0.585599471472726,-0.582738211158924,-0.582551479828379,-0.584584033015845,-0.588165658506184,-0.591456907544849,-0.593943782100595,-0.597570201156681,-0.609563781212925,-0.617934030534893,-0.618028849072922,-0.613231807979207,-0.600409493124466,-0.587669783506283,-0.584583761090378,-0.582915656254889,-0.577853082693118,-0.584369044462715,-0.583382369205721,-0.590555411674604,-0.59807632201144,-0.599179001316143,-0.598653753762149,-0.600305229021084,-0.593775125097986,-0.579125959661609,-0.570590725014554,-0.567912209808321,-0.564546870285937,-0.563147548006438,-0.565076309656724,-0.568560002111425,-0.568921332359353,-0.569195715981681,-0.574215475882488,-0.58343100940271,-0.590988656309692,-0.596569454493131,-0.602667677962474,-0.607588332539641,-0.606941337857247,-0.603500678544092,-0.602141884611968,-0.599469672842596,-0.594939331096487,-0.593175062912832,-0.593646934741022,-0.595468867954503,-0.59770351114696
-0.58748430226782,-0.583230854353083,-0.580936182126094,-0.582061728329086,-0.585299060367716,-0.58947346662547,-0.593019479938829,-0.591527901363301,-0.589103023671294,-0.601569793201344,-0.607895437124377,-0.613308940475197,-0.606500184698189,-0.596550759864362,-0.594651897685316,-0.593471922059183,-0.588014962035798,-0.584707804114093,-0.594257340742643,-0.59516396110667,-0.595097729240289,-0.598065266510278,-0.592201702317758,-0.588191919136485,-0.596723472514889,-0.595528237545969,-0.583792617986077,-0.576300985941268,-0.573332138536319,-0.569108733112447,-0.563977364981795,-0.564577074446302,-0.569113640556177,-0.569314564706611,-0.56968207331578,-0.571692089298175,-0.578725579243579,-0.584628548109158,-0.589820882638494,-0.595555573573636,-0.602410181316542,-0.604370614799906,-0.601856501268389,-0.600485912953567,-0.598230054588925,-0.595630714511675,-0.594506576479055,-0.594684506384081,-0.596004736912461,-0.598721664801094
-0.583152592703346,-0.581932128915502,-0.582750620992623,-0.586179403480459,-0.591201106047723,-0.595638491923377,-0.598114012409913,-0.596895335610642,-0.594272213254191,-0.595978121861818,-0.594763313970222,-0.599366809265322,-0.599366196575536,-0.598358968866634,-0.602029932345104,-0.598594968140789,-0.591790871434275,-0.588325284479324,-0.600506763208611,-0.601873549461718,-0.59828849389391,-0.597566383253362,-0.591337068208206,-0.590250806580788,-0.596707282737488,-0.597076089192352,-0.588422976052327,-0.583096628858403,-0.580374021569322,-0.57511314370695,-0.568440662556259,-0.56725234026604,-0.56991945988611,-0.570019919963606,-0.570210030892584,-0.573077755977552,-0.579892011753729,-0.586220407397808,-0.59138754739594,-0.596400333862978,-0.603343691155455,-0.608347929403856,-0.607097434382212,-0.604740413757568,-0.602479596615596,-0.599425520788384,-0.597361581532523,-0.596891895931549,-0.598202753016102,-0.600851118434552
-0.57821038661141,-0.58011249024334,-0.583139251233486,-0.587994575861513,-0.595022784169019,-0.603791566612329,-0.606015068382186,-0.603605182666775,-0.599199610119008,-0.598697506762444,-0.593518269792639,-0.59336828955298,-0.598147500843898,-0.602524421629074,-0.608979970191773,-0.607889061597666,-0.604620441241829,-0.602889891949904,-0.60843819354863,-0.609613700986666,-0.604127078293965,-0.601296251259256,-0.597770984662094,-0.596184455038535,-0.597097226792771,-0.595245929135834,-0.589774805957595,-0.587389929574268,-0.584765824563894,-0.580405737790367,-0.575187005252815,-0.572519836817025,-0.571065130919362,-0.570566429550017,-0.57070182658276,-0.574396736065932,-0.582035000751964,-0.588700456176021,-0.594146174322176,-0.599063474868938,-0.606689313525437,-0.612716115686881,-0.612227350086368,-0.610051163956311,-0.606791388214716,-0.603377092427119,-0.600237123917372,-0.599626040210414,-0.600279757590194,-0.601993783762301
-0.573775924778392,-0.577887134284525,-0.582473839641094,-0.587615334514654,-0.59433383356822,-0.601369307557879,-0.604024877367887,-0.604394912215279,-0.604346203082852,-0.604451862454299,-0.602656036915991,-0.599949258885811,-0.60328818292731,-0.611353490637243,-0.613005187764512,-0.615784974274435,-0.614889486036269,-0.612753486641179,-0.612892484493849,-0.612508348775804,-0.606647127612326,-0.604009455648214,-0.601245457082296,-0.597718762069185,-0.594462378666186,-0.591810035286791,-0.590652231506339,-0.590605574624434,-0.588721524229047,-0.584894872388011,-0.58111410788091,-0.578637881432849,-0.57554776936866,-0.571517641580911,-0.570963708708047,-0.57543028063963,-0.582655281939079,-0.588090346299681,-0.593814191910232,-0.599869406020201,-0.605858403930669,-0.610040344117703,-0.610868889642819,-0.611484407650561,-0.608690116747143,-0.605531110390459,-0.603324498711822,-0.60161495132299,-0.601144621443719,-0.601383737454974
-0.570826798374711,-0.576322943459803,-0.58189320907918,-0.587159046873911,-0.591017458660742,-0.594659195935245,-0.597996770149582,-0.600461776665445,-0.603611577101957,-0.611755007394133,-0.617644211111422,-0.61128092105423,-0.609709916058734,-0.613708714498054,-0.610019706472528,-0.606862969540567,-0.612175815238392,-0.616837685781405,-0.61792316283238,-0.614694870787381,-0.607905191400121,-0.600818995418875,-0.59526958113805,-0.590669214447331,-0.58685487413004,-0.587405090862156,-0.589464165382583,-0.591055274150597,-0.59022241502697,-0.587515217277563,-0.586699329615825,-0.584718296728765,-0.580087263570489,-0.574447830933139,-0.573610022795373,-0.577121710329175,-0.583368271932552,-0.58789883402181,-0.593529162488803,-0.600128851075362,-0.601820774472312,-0.603325043181864,-0.605418832967562,-0.606631298658297,-0.606704066255586,-0.605897716931197,-0.604628391452878,-0.602759425483306,-0.600916441370592,-0.599234372230119
-0.568426956886942,-0.574977059581137,-0.581029162490073,-0.585910775768491,-0.588318744696723,-0.589630195634125,-0.593131040260674,-0.595821834168054,-0.599402790216875,-0.608917417813757,-0.617604193871137,-0.617190141856229,-0.608623101836859,-0.607256331611069,-0.601676429849944,-0.593469663158577,-0.597274430508936,-0.609168389195851,-0.612532039974942,-0.6139273789653,-0.61099732586201,-0.598821645145834,-0.589754725888377,-0.584424808453755,-0.579611872585174,-0.580694365417466,-0.584768105061165,-0.587102128273196,-0.587949372769157,-0.588411967302754,-0.588657182678655,-0.58700184404899,-0.581937339052716,-0.576547771251504,-0.575486403119585,-0.577965946051812,-0.582580629092061,-0.586815480526816,-0.592670711058483,-0.595622182734419,-0.594806129666406,-0.594406242062081,-0.596050554481175,-0.598377938947322,-0.60248608326965,-0.603803643957571,-0.603391594685152,-0.601508361993195,-0.598960442912699,-0.595940581357305
-0.566980198334225,-0.573920159771541,-0.579754468222326,-0.583950042072235,-0.586560063282685,-0.588399979300191,-0.589862198972163,-0.592295527168882,-0.596171234844627,-0.605566225352,-0.610669172053948,-0.611816417506956,-0.603874383224669,-0.600159525307082,-0.594031865639123,-0.58704076878409,-0.586747760142341,-0.591085621205139,-0.598918607808094,-0.604299926008753,-0.607392775944942,-0.603240321170821,-0.595419748720663,-0.586165766633392,-0.578365865386291,-0.576634063157739,-0.578533811476197,-0.581347205410426,-0.584708076750538,-0.58758113775069,-0.587598203601375,-0.585395104181248,-0.58129461500431,-0.577788637813744,-0.577436381003753,-0.579236448029589,-0.581723411623321,-0.585491350402277,-0.589377624150119,-0.590013635850918,-0.589389763461433,-0.588551994814108,-0.589302077736013,-0.592493239013266,-0.596794936828958,-0.599421209938054,-0.600126324703869,-0.599127203697399,-0.596299247878456,-0.592194745077939
-0.565681460396905,-0.572672927899112,-0.578211229693051,-0.581918579535148,-0.584475434032591,-0.586546220654091,-0.588331797493359,-0.589821030018518,-0.593029661726138,-0.600261481025211,-0.604376140089287,-0.606202416190935,-0.604338738100815,-0.59859940694572,-0.591723326280494,-0.585902610750586,-0.58225918184863,-0.583381806046376,-0.589399835486731,-0.595820864875829,-0.600945260531342,-0.601079286175581,-0.596518180972906,-0.587527722839737,-0.579826182924092,-0.574252234135307,-0.573056533418376,-0.575845798601971,-0.580780866040148,-0.584921200726471,-0.584737115291401,-0.582238996644761,-0.580120615000307,-0.579015688285879,-0.580302268198583,-0.582018899641673,-0.583203467564218,-0.58575327976862,-0.587551365610438,-0.587740823523557,-0.586598476501018,-0.584198214440103,-0.586339960465574,-0.589616173446847,-0.592715473393774,-0.594926554174266,-0.596084483096381,-0.595510788115532,-0.592834275913732,-0.588076043496792
-0.564632055335513,-0.571717302874075,-0.576887275187416,-0.580207906605534,-0.582477081704056,-0.584717146817891,-0.586493216914853,-0.587153477891813,-0.589183703733307,-0.594305128766171,-0.598418474039789,-0.601970971392718,-0.604370858396063,-0.60012830602731,-0.59287061420839,-0.586609821952883,-0.581253979476958,-0.579450478131991,-0.584760618935861,-0.591062252636326,-0.59578029110898,-0.595253214899676,-0.591229838751513,-0.586723428881832,-0.580654189276958,-0.57398124225777,-0.570311020088761,-0.572341194904504,-0.577305285827983,-0.58134901004599,-0.581886940018491,-0.581213893267325,-0.580551836767254,-0.581216465066943,-0.583948481087115,-0.586820005418789,-0.588238409275104,-0.589475528228543,-0.589789851247336,-0.588964056186248,-0.587517999681078,-0.585304140884199,-0.586561223326814,-0.589185905668873,-0.590875561892065,-0.591911037626171,-0.592092316276275,-0.591231792175491,-0.588556208904505,-0.58361863404453
-0.563840007373487,-0.570794684131747,-0.575450802638087,-0.578381854666824,-0.580420362160192,-0.58188139150155,-0.582756430389192,-0.583295615946185,-0.584993780936062,-0.589425836369842,-0.594460781162292,-0.599414252499822,-0.604610430168389,-0.602737975238718,-0.596335147077261,-0.589099142414954,-0.583296845630191,-0.580372375296277,-0.583311548291929,-0.588359476734202,-0.591443415641745,-0.589288944775993,-0.585369589140797,-0.583338734379577,-0.579994134617993,-0.574191991843709,-0.570191732589833,-0.570438901880854,-0.574850372178118,-0.578579223398524,-0.580731824689207,-0.582203018515915,-0.583077376777275,-0.585165587443176,-0.589026449205502,-0.593393816023031,-0.596548374648603,-0.597835525249171,-0.597772553681685,-0.596666727071382,-0.59440265216148,-0.59219828286042,-0.591407635951199,-0.591606409007229,-0.591292537078423,-0.590631048309798,-0.589328519779895,-0.587179002026993,-0.583808690431697,-0.578442344433167
-0.562687404063691,-0.569171591575941,-0.573250654306286,-0.575565400125855,-0.576600860148555,-0.576750238540963,-0.577003666097893,-0.577820751135622,-0.580141321628877,-0.585140827609552,-0.591832471209469,-0.598866497523772,-0.605877790546574,-0.605496508516868,-0.599132204200789,-0.592487611074642,-0.586798417624127,-0.584389345830329,-0.584406663512021,-0.585856913705872,-0.586010249885245,-0.582214753837801,-0.579263001195819,-0.57762076045708,-0.575045431631658,-0.571505222178242,-0.568933672497158,-0.568765220022085,-0.57270582695085,-0.577420245212261,-0.58105967414179,-0.584061684555249,-0.586891915739294,-0.590773711715056,-0.595909420067506,-0.602018430527079,-0.607973659253769,-0.611300542398042,-0.612019678976238,-0.610076085667756,-0.608558510771671,-0.605134624323609,-0.602026752937973,-0.598470221857745,-0.59476739151302,-0.5914258251064,-0.587907980730595,-0.583722893454361,-0.57899193310558,-0.572177569649529
