-0.670076411796218,-0.669313283542674,-0.669715686786452,-0.670735610902008,-0.6718796504551,-0.67228254515779,-0.672041753732529,-0.67084433627976,-0.668015089951969,-0.666040220717619,-0.664991862822836,-0.664573656148081,-0.663161176765333,-0.660956207789013,-0.657338064803179,-0.652315174403844,-0.645817420333463,-0.637260988046343,-0.62719534133902,-0.617884208891569,-0.611197604755863,-0.606900258357767,-0.604616241758487,-0.605207943505858,-0.608076682451541,-0.61036963819755,-0.612143046074544,-0.608293526379281,-0.601730191320253,-0.591962882889779,-0.581709338169114,-0.57136868906961,-0.563344670592559,-0.560621153190531,-0.563073592994304,-0.570204371629281,-0.579005694413855,-0.587547185923438,-0.593662197777656,-0.593811172374908,-0.589590135557777,-0.58225603401493,-0.574353806820979,-0.568325340793155,-0.565620726271783,-0.567050543477877,-0.570504818691594,-0.575951542825072,-0.583483003619686,-0.595276563277261
-0.656254660587224,-0.653262786668286,-0.651515562431762,-0.651299991377251,-0.652038519162578,-0.652947283139482,-0.653924454434344,-0.654528996751111,-0.653346457727894,-0.652279184861436,-0.65231587034869,-0.653689938010567,-0.654888611591914,-0.655272551926804,-0.65454836605804,-0.651738150750308,-0.646353748668793,-0.638411937599855,-0.628971621108892,-0.62006709658086,-0.613094268575396,-0.607446609368344,-0.60419053001277,-0.604420260950293,-0.605707814368841,-0.607042531324839,-0.607499818514728,-0.604416275629446,-0.598837597267452,-0.590497835291354,-0.580285698689894,-0.569722142365063,-0.563074794642576,-0.562245472775382,-0.566608949350592,-0.574503714878259,-0.585408302797793,-0.595180518486955,-0.59972935921232,-0.598118101842863,-0.591979662735285,-0.584450440186925,-0.576634495623716,-0.570635900543042,-0.568422760540509,-0.568762094316576,-0.571149769635984,-0.575859159188947,-0.583746366587547,-0.596114231786012
-0.645501121620094,-0.64058168010262,-0.636871341311516,-0.634676498447145,-0.634383693510184,-0.635566549075456,-0.637233864783633,-0.638712270674327,-0.639326174117766,-0.639610436940526,-0.64088106726351,-0.643586738641905,-0.64685114642594,-0.649761976538708,-0.651687059160688,-0.651045487648425,-0.647382546109206,-0.640085116951858,-0.631730212698224,-0.623195981622514,-0.615955859342028,-0.609352945740748,-0.605038484767966,-0.60492687778383,-0.606090186782497,-0.606664536971975,-0.606601382516935,-0.604143319012297,-0.599431433786649,-0.592837173099329,-0.584837630577909,-0.577687493141391,-0.572163383902843,-0.568955858528917,-0.572548644134383,-0.579718802772811,-0.593883745385628,-0.603492045815998,-0.604448311616697,-0.601285127838235,-0.594361540605883,-0.586937399069612,-0.5796502369769,-0.574108795116001,-0.571307917573895,-0.570835496831949,-0.572528432966795,-0.577306152169315,-0.585495062449839,-0.598493966491783
-0.637342407945933,-0.63034133372295,-0.62526341545397,-0.62162293734899,-0.619241906038234,-0.619422669600884,-0.621650287326562,-0.624035267021159,-0.626123789906921,-0.627509461623602,-0.630129619520364,-0.634055795079906,-0.638965420561901,-0.644478587683887,-0.648937623814766,-0.651204540972614,-0.648733825706109,-0.642552622830566,-0.634825306809248,-0.626960722228781,-0.619673105151639,-0.612550864177205,-0.607023664835609,-0.605785918031669,-0.606812668392755,-0.607385019557666,-0.606051507542561,-0.60315555727569,-0.599992619491807,-0.59632025847007,-0.590559142947546,-0.587943146875804,-0.585410959961368,-0.577754505068811,-0.577889541323042,-0.583704086728551,-0.594817644442534,-0.605285484385833,-0.605953496582837,-0.60221750681898,-0.595414220432443,-0.589027176631925,-0.582927853737123,-0.577392722806463,-0.574024150190621,-0.573027563713465,-0.575035788662524,-0.580139670708681,-0.588930112711319,-0.601963512587326
-0.630724761467285,-0.622448523096172,-0.615805484382966,-0.610635727533367,-0.607406093529716,-0.605735096528091,-0.607395405393278,-0.610643545788226,-0.613031565606189,-0.615453583273096,-0.619230988291284,-0.62473931855829,-0.63165793942062,-0.639613158111787,-0.646911774447957,-0.651619509453615,-0.650887717127847,-0.645731759716043,-0.638111220485981,-0.63077050724528,-0.623681504119622,-0.61657817529316,-0.610926078038691,-0.607919488989399,-0.608150331943382,-0.607955641604933,-0.603581070116975,-0.599270753050505,-0.597559502413194,-0.595637032414248,-0.59319348198404,-0.595687798280967,-0.594896030128451,-0.588613332786249,-0.582652481482806,-0.58312184269934,-0.591275293805112,-0.601257369932243,-0.604467566243214,-0.602537586292891,-0.595518447947285,-0.589839123986376,-0.584783491446005,-0.579760339312158,-0.576667001878372,-0.576070866137184,-0.578886034841787,-0.584866208387736,-0.593530299233154,-0.605766865067504
-0.624281374256638,-0.615764624912409,-0.608414077142306,-0.601915610683308,-0.597135539959521,-0.594983131796446,-0.596090516492489,-0.598324109948509,-0.599604235028636,-0.602259260004079,-0.607500327593424,-0.615250881464319,-0.625233902833799,-0.635714040331881,-0.646210346079223,-0.65283879768598,-0.653034687398739,-0.649100477291251,-0.641877877654545,-0.634958590031535,-0.627947300346275,-0.621080347214718,-0.615911518774944,-0.612680651546573,-0.612431497103155,-0.609505635683487,-0.602245863593929,-0.596765495385656,-0.593561969767205,-0.589580292655539,-0.592032451507537,-0.598299270021093,-0.599939252498836,-0.594001376799344,-0.584264810676834,-0.57973688995072,-0.584575911858185,-0.596023025351566,-0.602268466712721,-0.602021657059134,-0.59540700963263,-0.588066357237088,-0.58371763898053,-0.581302379890087,-0.580870355234885,-0.581943620157173,-0.585483372421976,-0.590911268955486,-0.598370492796811,-0.60976199879536
-0.618370702507036,-0.609099041357931,-0.601973875004729,-0.595204908168633,-0.589519452358222,-0.587372299831299,-0.588726238152738,-0.588534246360377,-0.585939468639811,-0.587442262319731,-0.595344286996074,-0.606758333210908,-0.620497861447211,-0.634165382588979,-0.647304611376433,-0.654188867509154,-0.655154537599394,-0.652128199258053,-0.645760163749273,-0.638928404206395,-0.632171966885107,-0.625841482798901,-0.621902334758569,-0.618972981781935,-0.617123693145724,-0.612420479775427,-0.607194151148452,-0.598436809228779,-0.589465811720781,-0.583608501287056,-0.58572732847843,-0.592495756333194,-0.594803758053303,-0.593615789426116,-0.587357703703635,-0.584203878125478,-0.58533734461447,-0.594586763492217,-0.600347381422647,-0.598403902019654,-0.592584572835466,-0.585884112171215,-0.582857838440251,-0.585966731302465,-0.589128490075358,-0.591083780517891,-0.593447902026871,-0.596767498973623,-0.602383985638714,-0.612203100634834
-0.613911739101168,-0.604015258147835,-0.595951501386811,-0.589849776759825,-0.585155947778254,-0.583053306854078,-0.583571126718483,-0.5803934663179,-0.573304776458902,-0.57384401379803,-0.584917294942628,-0.60049429458482,-0.617893706411767,-0.634794535910822,-0.6498519668481,-0.657071913619872,-0.657814562056551,-0.653423236946029,-0.647213076013915,-0.641016359130613,-0.635028424371841,-0.63034894256842,-0.627532285140695,-0.623806575622686,-0.618413243941992,-0.613932063932203,-0.613586843419,-0.604213272522682,-0.58901615021772,-0.579040699945479,-0.583990118307052,-0.594713048057903,-0.599312668049922,-0.599978097227206,-0.595183361864979,-0.593609161160237,-0.596635693881706,-0.601858983823799,-0.600136226923543,-0.593649925378445,-0.588694366893226,-0.587426919844235,-0.588306404586466,-0.592415717077333,-0.597537458352422,-0.599628504433228,-0.600926892977274,-0.602014243608796,-0.605533954877466,-0.613525853034082
-0.611258947530934,-0.600507465157484,-0.591896858411225,-0.586094387590195,-0.581878394617364,-0.57984197592606,-0.579006313843364,-0.573422280876024,-0.56459841232573,-0.566823501033498,-0.57935046886386,-0.596240057979132,-0.615705447924243,-0.634538754039746,-0.650337718902417,-0.656518121582408,-0.656659094976512,-0.64927893641341,-0.642091623504856,-0.636337638453756,-0.631376368215349,-0.629967706091627,-0.630254626871105,-0.627100112918949,-0.616930832046876,-0.612204004510294,-0.613762499210457,-0.609494630349006,-0.598758468609718,-0.590680279573505,-0.590018108299152,-0.598439758141521,-0.60940938901543,-0.616597655931509,-0.610040067028032,-0.608765608056615,-0.60981869275441,-0.608652197982866,-0.602785033637577,-0.591450539175898,-0.587101428393811,-0.590839763459196,-0.596527668183458,-0.600476477966569,-0.60243476169833,-0.605090303314544,-0.607012040391428,-0.607591033324393,-0.609638524172295,-0.615683111037994
-0.608458969647647,-0.597494215119535,-0.589927270071875,-0.585075005720733,-0.58149095122772,-0.578370257781157,-0.575984361901103,-0.572011990870193,-0.56634084898888,-0.566781631546961,-0.575948410395172,-0.591861544930093,-0.609331847864934,-0.630666435369685,-0.647892463316585,-0.653348303968281,-0.649975438848835,-0.640642615697213,-0.631932085536534,-0.626208314977745,-0.622386205959289,-0.62214318175619,-0.626910374683759,-0.628219624383741,-0.615838136629589,-0.607955687574953,-0.608373400264681,-0.609340087868698,-0.604188849526867,-0.597786202352699,-0.593834531970721,-0.598376740129537,-0.618911026811969,-0.631725622993635,-0.624037130665312,-0.615254582411697,-0.606958420017778,-0.602720006807913,-0.600082250529222,-0.596560269660755,-0.592717530458369,-0.596558351132984,-0.607126816475088,-0.608685100268872,-0.607675848954868,-0.608930943895394,-0.611434959337143,-0.613547626885609,-0.615463580067171,-0.620880982779174
-0.604548686128287,-0.59473233919933,-0.588437386537979,-0.586373477901303,-0.584512926478766,-0.580195309367808,-0.576068197622464,-0.574199574421064,-0.570257504072073,-0.567528945672857,-0.571062809346651,-0.583221551913315,-0.599416333697707,-0.618421771290196,-0.635242516515795,-0.639875848987064,-0.636045543578514,-0.627624145388224,-0.618478010160088,-0.61218577103077,-0.611005368371668,-0.612200126957977,-0.61862038282169,-0.62313002833538,-0.611590433712302,-0.602264573334892,-0.600094138478725,-0.600747106808973,-0.597016925196519,-0.593389765665704,-0.589214834534114,-0.587301224180001,-0.60445281714458,-0.619174189230808,-0.612825530005709,-0.607367860541956,-0.600157485567449,-0.596975542453335,-0.599532207742598,-0.603934199363661,-0.602054419518452,-0.605966610311087,-0.615052250424809,-0.615913283356326,-0.612563926119736,-0.61089969255931,-0.612536806150409,-0.615016618358847,-0.618512141234763,-0.624747706536099
-0.600085737773586,-0.593214576803265,-0.588098764942149,-0.587094697038122,-0.586725502115602,-0.584000411179784,-0.580404348653333,-0.578186850683319,-0.57096963812708,-0.56447514941221,-0.56331123513038,-0.571687269040832,-0.587502771959931,-0.60380073401648,-0.615894788319208,-0.619547074516102,-0.616311967047862,-0.609936312777909,-0.603021614715375,-0.598572635934752,-0.599660642045562,-0.601653407081474,-0.605435525634213,-0.608882456023561,-0.602689617595774,-0.595062061126098,-0.59521791484053,-0.593504126938487,-0.58829727054121,-0.583739721301546,-0.574046271205491,-0.562743420207574,-0.571214348200777,-0.589070721292099,-0.581649665832813,-0.587777114932934,-0.590170315891381,-0.59093562828134,-0.598962043561416,-0.607897875303553,-0.611058370933491,-0.610079938578472,-0.614068387834426,-0.616439329240951,-0.613257508063075,-0.609307624170206,-0.607873235378138,-0.609321775418113,-0.61366152948376,-0.621947900938285
-0.595035726718376,-0.591667823655426,-0.589073085184266,-0.588391027634341,-0.588942323378086,-0.587371548490583,-0.584593647344928,-0.578642604023223,-0.570412265412931,-0.561305688187047,-0.555721858909145,-0.561494883084708,-0.574561598959254,-0.587853696981893,-0.595901814066841,-0.596092936883287,-0.593555897625962,-0.590584688271016,-0.5871359627243,-0.585360582298515,-0.588559102228076,-0.591211919702274,-0.5933991099431,-0.595706670387583,-0.594112610512766,-0.587957799910728,-0.587800229965192,-0.589602272759762,-0.587028061442438,-0.579873871432609,-0.562558502032774,-0.538194832231852,-0.539166973289567,-0.563319843311244,-0.557141963641706,-0.568885799671256,-0.578800798187275,-0.583886320478752,-0.59187623817427,-0.601762153763231,-0.608839693304933,-0.606308242324919,-0.605772157441444,-0.610979288357062,-0.611996464748122,-0.606947044484613,-0.602940078506523,-0.602889940273557,-0.606925224709446,-0.616861929516204
-0.590959595297044,-0.592002486820921,-0.591222392155431,-0.591294965015936,-0.59232547767345,-0.592085221600198,-0.58746824614664,-0.57889322652724,-0.570471156223867,-0.560059709740995,-0.555424134393021,-0.55837153900249,-0.565276641045944,-0.572668750173718,-0.576040106264047,-0.574297774253732,-0.572668098108088,-0.571411343016745,-0.570955625723786,-0.572958876502159,-0.577745265878429,-0.58406641483123,-0.588395320313062,-0.58805603895593,-0.588180101199825,-0.583981053069136,-0.582885474118349,-0.585931330523495,-0.585798903614463,-0.578442694730748,-0.556618464095115,-0.526142583906644,-0.51228352088374,-0.54708959033092,-0.549252261094746,-0.559374492313296,-0.571024245003854,-0.578638966874809,-0.584254907983359,-0.591001423613607,-0.595101687798458,-0.597836921835191,-0.597036541562232,-0.602123146501598,-0.605091543094638,-0.603958095221515,-0.601569535612043,-0.601389315974693,-0.604829765020549,-0.614182354349291
-0.59080833645784,-0.59445576286583,-0.595119940150989,-0.595379897002695,-0.596498545875796,-0.596875305599143,-0.58795254077385,-0.578502021341948,-0.569450236729027,-0.560254988164802,-0.556072835292165,-0.557036492512467,-0.558212723860564,-0.557952821394695,-0.55764536377863,-0.556654350238672,-0.555430345318157,-0.55432383293436,-0.555062195426582,-0.55896678405053,-0.566954740938664,-0.576262401788054,-0.584171498427625,-0.585676510409108,-0.582809228356113,-0.578545497011598,-0.578823542427596,-0.583052590273317,-0.585209274014409,-0.577502691989326,-0.548994652985474,-0.521534201994986,-0.503955177625422,-0.549270366709466,-0.537445171821101,-0.547844533353173,-0.56613577674198,-0.577244259022849,-0.582977397063588,-0.584104529410444,-0.583941722575816,-0.584753768232209,-0.589133334293985,-0.593563426403292,-0.596701629364799,-0.599550682793275,-0.601705007015909,-0.603318152115652,-0.605900614029835,-0.612480512218482
-0.592384468478139,-0.597514791013241,-0.59967019594402,-0.599232865286587,-0.596665878651595,-0.591123779571327,-0.584087302683164,-0.575971358173901,-0.56811703675584,-0.56022337719999,-0.555465726251448,-0.553606098241609,-0.550869899850061,-0.546933398023111,-0.543952148939325,-0.543053144078101,-0.541737407664655,-0.54031604744821,-0.541179735904811,-0.545749630182395,-0.555326932689135,-0.567316248736385,-0.577111187055493,-0.579847225731363,-0.575377250657088,-0.572589114851838,-0.575278899613301,-0.581860396511504,-0.586386175419495,-0.581979669345706,-0.560996337205964,-0.536322809076696,-0.506479847083128,-0.523665086218338,-0.536522114976881,-0.545706031470502,-0.564830432104044,-0.575151548650974,-0.57802091984839,-0.578362551661505,-0.574094459403081,-0.573954812678467,-0.583219187758562,-0.591716981264662,-0.595545245761403,-0.598668528755453,-0.601533736431779,-0.603248067761895,-0.604810552822743,-0.608849281058662
-0.592403298898429,-0.59622136144874,-0.597233130306055,-0.59589790621007,-0.592283648457214,-0.58539227531981,-0.577488295986906,-0.571274085447148,-0.565115674348903,-0.559666030875734,-0.554319252429383,-0.550509040721747,-0.546019792455013,-0.540825216487537,-0.536051249371524,-0.533515525145649,-0.531512563089237,-0.529744397902501,-0.530427015757147,-0.534207024159538,-0.543345783481038,-0.556336571970939,-0.564567738177531,-0.56625535332887,-0.56331739164838,-0.564016613571954,-0.57156117710703,-0.579610528506928,-0.58650848058368,-0.586717563303989,-0.575556298512429,-0.548620860450071,-0.516619770609144,-0.525738072550858,-0.540479065424103,-0.55295378767495,-0.569826321585693,-0.576738046119059,-0.577351455350166,-0.577886115928275,-0.574804845875998,-0.573988551182709,-0.58461534269121,-0.595482614509891,-0.599545933006762,-0.598395963730161,-0.598488237259201,-0.599300382771332,-0.600535986345593,-0.603992589939039
-0.591051997173915,-0.592950029761104,-0.591296457253165,-0.58893484449705,-0.586478767713523,-0.580603699329531,-0.572462924915104,-0.566319393004154,-0.562457348507009,-0.557914094593814,-0.552705873599676,-0.548375526538158,-0.54298679610574,-0.537074156878981,-0.531600374103384,-0.526581463190982,-0.523619795839597,-0.521106212439829,-0.520710741662147,-0.52291137192571,-0.529648648825588,-0.539533666700508,-0.546719572233972,-0.548152624631027,-0.548969931539739,-0.553819864245641,-0.563808688443148,-0.575799037582577,-0.586839692979024,-0.59215823857959,-0.586015504921818,-0.56175841109959,-0.541843290186121,-0.549028783163545,-0.555077234582585,-0.566812910020312,-0.58037122857075,-0.582708207535806,-0.582430489758883,-0.5855958646643,-0.580968391645124,-0.579642071729193,-0.587091709444379,-0.597891363043528,-0.598764380425088,-0.595387987133023,-0.593170613544707,-0.594187981962768,-0.597231958994225,-0.602437280538623
-0.59006780386799,-0.591020509763208,-0.588540465275684,-0.584791637530408,-0.581181608533086,-0.577066012158825,-0.569468005391921,-0.561809200718192,-0.554525590590116,-0.550019720330673,-0.548503083168367,-0.545950969819674,-0.539449161923766,-0.533640758589704,-0.527886459987881,-0.52161500606348,-0.51635289006821,-0.511586036142892,-0.510184274497602,-0.511477821523079,-0.516008127434423,-0.520952009068715,-0.523931386857375,-0.526450288978794,-0.532307128700663,-0.540926735239311,-0.555323839263734,-0.57117403667519,-0.585424499390855,-0.593019478277875,-0.592001782511165,-0.576125739464946,-0.566587747169988,-0.573377545675633,-0.574140116362271,-0.579325672318627,-0.58847062544287,-0.587660068194867,-0.584376995346562,-0.585293086972818,-0.583073521994228,-0.583348214044893,-0.58657114197899,-0.593697629327524,-0.595399788755323,-0.594475961791167,-0.59337065463219,-0.593968200152301,-0.597169523548024,-0.603520521568638
-0.588386636986848,-0.589887710448471,-0.589210273621983,-0.586133593975705,-0.580635472795885,-0.573676556168468,-0.565930297774622,-0.557376461196488,-0.547754031875705,-0.541341719191405,-0.540924695988304,-0.541369369707241,-0.536243415515524,-0.529927443951406,-0.525522734527476,-0.519468585437373,-0.511767841502691,-0.50450982879914,-0.501498824434482,-0.501812204342518,-0.504024740518027,-0.504730798382157,-0.50317172919736,-0.506759512047434,-0.514274832776501,-0.525432346397927,-0.541880370372087,-0.562798616034456,-0.58064444934372,-0.588143269837865,-0.587835270409914,-0.579267037886551,-0.576406426694744,-0.58132017953934,-0.5807570061627,-0.584508918052545,-0.591027386879833,-0.586740411912592,-0.577695449183599,-0.575021794500956,-0.579416840937299,-0.585213645104643,-0.587796147401867,-0.591860900633476,-0.595498721862371,-0.596599823629745,-0.596627947626057,-0.597367303383213,-0.599379463847871,-0.604584701257555
-0.587383204754422,-0.589328695456397,-0.590879402570205,-0.589512442294444,-0.584556788358101,-0.577237187004837,-0.570244570352612,-0.560761297346677,-0.548046184292261,-0.539233048558674,-0.536596382400112,-0.537270421477425,-0.535128171617559,-0.530643350737493,-0.527005183371066,-0.521453995581,-0.511890260103927,-0.502921946621579,-0.497631252126994,-0.496184741054989,-0.496255215535382,-0.495920971146109,-0.493783071835634,-0.496188836587976,-0.501913538915995,-0.512315558296845,-0.528442921536016,-0.5499482883244,-0.564849261674893,-0.572134969161277,-0.572352617095207,-0.568825858396236,-0.568635948194967,-0.572802376840197,-0.574980804155183,-0.579681705109496,-0.585672995197922,-0.581036335316612,-0.564564109122017,-0.567683862854537,-0.580471854062977,-0.589367739692827,-0.594276354587223,-0.5985253814421,-0.602584296324319,-0.602221206705718,-0.60046708528696,-0.598814962611311,-0.599295469455394,-0.603360536839959
-0.587334341769892,-0.588668389770372,-0.590699710230131,-0.591211552500355,-0.58883198494399,-0.584925114565753,-0.581030721523993,-0.571667466029399,-0.556394254870446,-0.544325391823835,-0.539619933997453,-0.538435662415045,-0.537704654453991,-0.536054566416553,-0.532663368128355,-0.526341938549844,-0.517160642517588,-0.508074282072111,-0.501402758799911,-0.497268731741055,-0.495652597821282,-0.496992894088354,-0.498115187844425,-0.501505950902697,-0.504634877866698,-0.510737394872495,-0.520292116151034,-0.534941724281869,-0.544846292407599,-0.552021323302704,-0.553341065502952,-0.551507449529447,-0.551230619938603,-0.554117335794849,-0.558335898260642,-0.566304637243455,-0.573431636302164,-0.572327468170299,-0.565478169836036,-0.573983947429239,-0.587532895606938,-0.596771945045501,-0.601869267086501,-0.608194092503733,-0.610481407265793,-0.605684740672509,-0.599793468941847,-0.596362481547301,-0.596421530413217,-0.600246489674585
-0.587851054006149,-0.588026492853283,-0.589673593422442,-0.591039470048444,-0.591238623953464,-0.59018480087927,-0.587937920493329,-0.579073563761983,-0.564342113231344,-0.555339965169507,-0.55099720702529,-0.547512346958692,-0.546006337593884,-0.544198133146835,-0.539938316278715,-0.533116475033004,-0.523499010780156,-0.516267782525014,-0.510714716911036,-0.505422441011308,-0.503157878768842,-0.503930008718541,-0.506505130096737,-0.51007830083452,-0.513278022354188,-0.515106872290376,-0.518850258009221,-0.526234863492487,-0.531834681185009,-0.533367042659917,-0.532846382630432,-0.53124735110121,-0.530443748129528,-0.533353964955454,-0.538147817838402,-0.54677454061145,-0.560314677975535,-0.571164524252084,-0.576222164541907,-0.587122668937339,-0.598694644412958,-0.604132623378151,-0.607917259433133,-0.611326124694828,-0.611739501681167,-0.60578290579104,-0.599158937064533,-0.595122503581653,-0.595031606028578,-0.597792256698023
-0.590324613051528,-0.587667335226541,-0.58684532341566,-0.588047084707895,-0.589966118565993,-0.590810279993212,-0.587071054886279,-0.578032737353273,-0.570161291997377,-0.566078450350972,-0.563504650898277,-0.562063539740482,-0.559378941009084,-0.555728609086195,-0.549188475751219,-0.540300540332571,-0.528592456789106,-0.521350810485613,-0.517962924151851,-0.514846044033778,-0.513801896793333,-0.51375152968895,-0.514138509870238,-0.516146178852398,-0.517715792125684,-0.51880915814021,-0.519780600221543,-0.522520505655862,-0.524719482027442,-0.52225768484413,-0.516238469457466,-0.509945720291919,-0.507917039772089,-0.513215739864603,-0.518920634977106,-0.535505193804735,-0.556321424554424,-0.571342935210654,-0.58325318460901,-0.597707489791773,-0.607567080006392,-0.612897295574768,-0.612055617901335,-0.612084772860547,-0.611203005970613,-0.606120166105208,-0.600469762907625,-0.597665048946709,-0.596605921952955,-0.597979436094615
-0.592801023342953,-0.587326805936462,-0.583843699498472,-0.583654426995065,-0.586511687436034,-0.588567243311999,-0.583270603540349,-0.57667552442826,-0.574556263176031,-0.574568993139821,-0.574259330792904,-0.574767431081563,-0.573944112892945,-0.568992615849893,-0.5593254467377,-0.545034459863936,-0.531182241116125,-0.525373404967897,-0.524280722196897,-0.523821481078888,-0.523879235419115,-0.5231203441622,-0.522058552720728,-0.521391014976392,-0.521172436095193,-0.520659068080352,-0.51846685274919,-0.517504212295444,-0.517166999377932,-0.513456443544101,-0.505230835649929,-0.498472511126554,-0.497622821756766,-0.503104397186721,-0.51450725525996,-0.534578645105353,-0.555489509934098,-0.572512715763858,-0.586421194003937,-0.598960213477159,-0.608513775089963,-0.614675326330007,-0.612686649700196,-0.612029142191419,-0.609288644358639,-0.603148391011874,-0.600000409297762,-0.599043084140954,-0.5986624370945,-0.599046902552377
-0.594362288462635,-0.587587595282126,-0.583162976906719,-0.581632042738132,-0.582551851624529,-0.583176423387205,-0.580022222543583,-0.576828770345705,-0.577210766954309,-0.580652578964093,-0.583245931828593,-0.584845849676077,-0.58428982501049,-0.578519816603216,-0.567298161005201,-0.549813158879495,-0.534590382001005,-0.529380818946128,-0.530993014505575,-0.533533090681545,-0.534486279593667,-0.533511644307955,-0.531341235094225,-0.529305487452775,-0.526438100063764,-0.521987588810109,-0.517019166015197,-0.513365054120689,-0.509748544261424,-0.503848144731084,-0.499102736890235,-0.496485793127658,-0.498843996679775,-0.506880577364896,-0.520579034080725,-0.538560079962938,-0.556926971966562,-0.572319904149634,-0.584126700915773,-0.591874817899448,-0.599718910041042,-0.604781495292416,-0.606278274721194,-0.606579716838385,-0.602071390562648,-0.596205853880836,-0.594038079338555,-0.594895698472835,-0.595965252724994,-0.596707377918748
-0.593618683281522,-0.587190619693396,-0.58245167117806,-0.579874760812328,-0.57882662260189,-0.57834131143025,-0.577338416242041,-0.575669645745493,-0.577353658391899,-0.584389756783183,-0.588455183992538,-0.589146050777481,-0.588132639339938,-0.584154530232483,-0.572336961944185,-0.554000855697943,-0.540711791167715,-0.536479216896342,-0.538427233637943,-0.543872110114289,-0.547133495644201,-0.547022631552361,-0.541937847261156,-0.537062638435653,-0.531090593536263,-0.524328026146103,-0.517431681147806,-0.510753627230177,-0.503259037637608,-0.497435497077533,-0.496786045788662,-0.500545076720582,-0.507955704568612,-0.520164099551163,-0.535492128478613,-0.549467691944756,-0.561696006659772,-0.57025956883898,-0.576794268048493,-0.583755890078674,-0.589009873248423,-0.591214354589317,-0.592649123541068,-0.5948584451236,-0.594925725523314,-0.592223420885483,-0.58967521969472,-0.59061077341512,-0.592319738524617,-0.59388287113134
-0.592115797069842,-0.588355875194678,-0.585075062319721,-0.580758418454294,-0.576867525866467,-0.576224893590333,-0.575977444127403,-0.574004595591427,-0.576558752196759,-0.586175825681294,-0.590226826790435,-0.587636072958294,-0.586509879908558,-0.583646891667769,-0.570131268217944,-0.553662023265939,-0.546628776653085,-0.547166180012973,-0.549557652167141,-0.555348605813981,-0.559557212288579,-0.558962371381647,-0.551022794150078,-0.542790218230837,-0.534477644976208,-0.526225128954303,-0.518656238600089,-0.510520429076103,-0.502003887380055,-0.496125165023511,-0.497533423268924,-0.505307123624679,-0.517565651321684,-0.533283470398997,-0.547884078716885,-0.559855059721966,-0.567511540153482,-0.571335913242715,-0.573947098110702,-0.578169993424275,-0.579759582802025,-0.580426738427424,-0.580147517566791,-0.58435066538307,-0.590010344076038,-0.592621762616521,-0.592093367403182,-0.591561997003009,-0.592599735982721,-0.594400707193857
-0.594324012311418,-0.593049146827307,-0.591439430328727,-0.586586747813638,-0.581009081255663,-0.579013493799891,-0.577751663905983,-0.575209151768805,-0.578224266019641,-0.587561289210321,-0.587602591409003,-0.577068908368063,-0.575786640127229,-0.574897730306278,-0.565757921190568,-0.554181451305297,-0.553112862908552,-0.5576543887779,-0.562599240053553,-0.567779892540965,-0.570950218428615,-0.569482783423222,-0.558926455838805,-0.547788395377236,-0.538350389741228,-0.528880544621873,-0.520737981872104,-0.511840928259242,-0.502820978973598,-0.497384014626344,-0.501932303880938,-0.511834497816067,-0.526378416440117,-0.542300673264274,-0.555749045675331,-0.566595732645338,-0.572924867312947,-0.57410112143322,-0.574273449468338,-0.575979388631441,-0.575817057687946,-0.57509165372134,-0.573865731255815,-0.575419273513165,-0.583055577474615,-0.590471977870287,-0.594651493812609,-0.595726103709971,-0.596217696342101,-0.59691690387021
-0.597007244045324,-0.595778324365141,-0.594564335032638,-0.591593543396591,-0.588005051557449,-0.585500646438825,-0.582881609055881,-0.578784680232042,-0.578722942651782,-0.581030777368115,-0.57353292722815,-0.562121819935173,-0.565716895509544,-0.569004029693565,-0.564030938016685,-0.558769104856926,-0.560578434276887,-0.566210876440376,-0.573334473971998,-0.580172338067532,-0.582135506839536,-0.578684313190667,-0.567375565937285,-0.555625122761136,-0.544974985326938,-0.536209317697084,-0.527786138122876,-0.518549134257574,-0.50952582103037,-0.504403997158004,-0.507637274309384,-0.517520665581318,-0.532847592156806,-0.548371672212337,-0.561609560645744,-0.572121883215811,-0.577675534759994,-0.578829289802492,-0.578765505077114,-0.580657469682329,-0.580804139838816,-0.579145047254716,-0.57563735935073,-0.57283725511671,-0.577758147907377,-0.585501438264179,-0.592415689150085,-0.598096182275876,-0.600694188306355,-0.599201321503612
-0.596572238307966,-0.594910626818543,-0.593995861980852,-0.592771025189653,-0.591287941192314,-0.590103734826336,-0.587796591808063,-0.582798224738055,-0.581405508661901,-0.577307660369667,-0.567892972202963,-0.562733078014654,-0.568530098755194,-0.570884372738125,-0.567173640662994,-0.567876311207369,-0.571233004081121,-0.572582764086912,-0.580025910268631,-0.589873898080406,-0.590105502843184,-0.58242656695184,-0.570662683666388,-0.563711392902632,-0.557746710483426,-0.550606499789351,-0.541451485714923,-0.530038119217754,-0.52088339979549,-0.51628342914476,-0.517645270825958,-0.524523228061249,-0.538512890964237,-0.55302142285291,-0.565505864392562,-0.57487925361567,-0.581550260182163,-0.583376951112249,-0.584348172252609,-0.587483373413583,-0.588164248965906,-0.586203258207659,-0.582284267647331,-0.577721690037318,-0.57811538436537,-0.583105247499361,-0.589356572227878,-0.595306421415112,-0.599153432918934,-0.59859872651981
-0.594581348434371,-0.593409385529195,-0.593084323315235,-0.593043879784765,-0.5924095626755,-0.591652060768216,-0.589599077092818,-0.583260211334339,-0.580977658394077,-0.583018817452323,-0.578015782925433,-0.577199478350077,-0.579370559097329,-0.576193128200027,-0.573962797842456,-0.580169713224416,-0.58465586375857,-0.579125842011167,-0.583896638005239,-0.594074563623266,-0.590764255510523,-0.577373567856462,-0.569205485633361,-0.566497179671187,-0.565872048547408,-0.56141975511446,-0.553539016259919,-0.542913137651476,-0.532514071588959,-0.5272700464298,-0.527497425404576,-0.532969061962876,-0.54401117712329,-0.556295063417079,-0.567645758860293,-0.576031075112061,-0.580830302531884,-0.582995581028394,-0.583813685726759,-0.585543048656821,-0.587241204008598,-0.58790197770618,-0.585555959440915,-0.583533362178014,-0.582375177866287,-0.584580957991042,-0.588858990368652,-0.593608757157113,-0.596918983526882,-0.597104235035082
-0.594604526177284,-0.593485303120675,-0.594405283587656,-0.595022687722205,-0.595137824074985,-0.594552023143174,-0.589081754055892,-0.576437458607566,-0.575190960335632,-0.588809108098892,-0.588838748461789,-0.587042720943319,-0.589797547844147,-0.584587058390124,-0.579240402608268,-0.583480569189976,-0.589016606928263,-0.587250113396676,-0.593908267242143,-0.591520042720097,-0.582647875097823,-0.574257623902162,-0.570986396332365,-0.568257113454765,-0.567488469163683,-0.566337406163543,-0.560822959431932,-0.552252155613537,-0.543310588103859,-0.537430083096533,-0.536640435529712,-0.541265604648697,-0.548825561085388,-0.558074778152991,-0.567226513680449,-0.574906709139991,-0.57924628523397,-0.581888937223186,-0.583386329905611,-0.584725905063731,-0.586748375054659,-0.587928125383551,-0.585450506582588,-0.584352828869777,-0.58508890183814,-0.587216830777446,-0.589957958775771,-0.593190410763311,-0.595794407871217,-0.596184710149719
-0.598094242853096,-0.597384808012539,-0.59813974817272,-0.599066599961254,-0.599499913185506,-0.597775052319362,-0.59030764572561,-0.581103372538811,-0.577592044105709,-0.589533893154341,-0.593428784362776,-0.593385429975709,-0.598092760540717,-0.598211537030733,-0.592139132670676,-0.581441858801816,-0.580204175597871,-0.597535860146891,-0.598804459710321,-0.587979402522577,-0.580756826655921,-0.578386045896845,-0.576801928764463,-0.572074941841103,-0.568206825377214,-0.566744766678892,-0.564455618891053,-0.558469048204839,-0.55212871519115,-0.546898863274573,-0.544786404673091,-0.547558080501834,-0.552433365907561,-0.559300125658093,-0.566609788242362,-0.572791050877877,-0.576973885362754,-0.580308433235177,-0.583015321594648,-0.586154434429986,-0.589000759338132,-0.588917968539531,-0.586097578015744,-0.584900252377111,-0.586468609039701,-0.588380703040725,-0.590736621792819,-0.593541872277677,-0.595745563023799,-0.596198273799579
-0.599677854241609,-0.599557012530456,-0.600288257036228,-0.600847268220832,-0.600992552844184,-0.597896082360144,-0.594583846725605,-0.592171565353216,-0.58959431910851,-0.58844424315267,-0.593916390856453,-0.59920500205376,-0.603650243590632,-0.605071856211927,-0.599782029112151,-0.586315227694084,-0.571584807121667,-0.600180993516457,-0.586380473047639,-0.584021549295549,-0.585531809804318,-0.587905675387546,-0.587194090787285,-0.581846960538053,-0.576828208777231,-0.574906902169135,-0.569568443636389,-0.563666072579011,-0.559077626874411,-0.555362239234309,-0.553003946437018,-0.554402512402353,-0.556989834094883,-0.561929626780781,-0.566974783111727,-0.572345443062587,-0.577426033201317,-0.581062030122655,-0.585223714457369,-0.590108567463007,-0.593706828248237,-0.593864158224683,-0.590550851571714,-0.588421738061837,-0.588615112063409,-0.589910780044956,-0.590933109929091,-0.593058057809238,-0.595308142283009,-0.596854459400054
-0.597171585751128,-0.597393905069604,-0.598284767988125,-0.598264854068465,-0.59710651906588,-0.596486815301791,-0.599207128723584,-0.603604942847243,-0.603353226244953,-0.590637411221038,-0.592154131993325,-0.600716298524354,-0.604002762010909,-0.604047483634244,-0.593082678039772,-0.587666203780574,-0.56786996914099,-0.591913607655242,-0.583497892166289,-0.58916145463883,-0.592313905363283,-0.597285291101312,-0.599631248072087,-0.599282453590887,-0.595322248174564,-0.585475899505533,-0.575791615776989,-0.568848339357999,-0.565230917899299,-0.562020228782734,-0.56073817853433,-0.56178548638129,-0.563883764272512,-0.566388599586649,-0.569844599255001,-0.57493540273204,-0.581533813802255,-0.587163827912716,-0.592452972121272,-0.59738866356605,-0.598720958311264,-0.597840218003656,-0.59563951574048,-0.592331520021147,-0.591547415135533,-0.591290023878975,-0.591651935397208,-0.593081848379387,-0.59564570458262,-0.598293033078834
-0.595032101722117,-0.59396467126132,-0.593781992034333,-0.592805178403664,-0.591608387446209,-0.592412219020028,-0.596501912570932,-0.605395910784409,-0.608937716656015,-0.600902085564794,-0.600885089424654,-0.606373831442277,-0.606929298988306,-0.607064920173883,-0.600355780315382,-0.591844222878975,-0.568090096535808,-0.586640929419755,-0.584920913392927,-0.587172977224562,-0.593110741775092,-0.602000809740111,-0.609041481260552,-0.612486578387089,-0.607990732174669,-0.59215767873594,-0.578722498602065,-0.572734938396981,-0.568955051098421,-0.565698059509329,-0.564578042720027,-0.565856943966595,-0.568171742451752,-0.569419754642366,-0.571369879184959,-0.578277226347854,-0.587370051867132,-0.59544510325066,-0.600783898722821,-0.60559992040789,-0.605589499095652,-0.602214584188603,-0.598933173742822,-0.597304566725584,-0.595437070240383,-0.593285785671227,-0.592492009184107,-0.593666880964267,-0.596065178587476,-0.598262521383316
-0.592250160724041,-0.589109491420309,-0.587665966612879,-0.58733153946156,-0.587956765977528,-0.589367111815732,-0.592488107791734,-0.598485724718384,-0.605208051790398,-0.612043088654775,-0.614722948666455,-0.616525254156868,-0.612700917404737,-0.608372086410082,-0.598740270677066,-0.577627503842001,-0.572546980644493,-0.573003060116956,-0.578706199329234,-0.58133842136747,-0.587997915318033,-0.598492452652846,-0.607885450171519,-0.612169128162903,-0.608066698864038,-0.594703370987148,-0.580382260402493,-0.572722530242684,-0.568533429510948,-0.564781528182254,-0.564221931856354,-0.565610683956619,-0.568335014146123,-0.568958941649217,-0.570269177498512,-0.577995400159432,-0.588136358307023,-0.597136542995283,-0.604116612490524,-0.609510691450226,-0.61039009586296,-0.606686395939505,-0.602315584232644,-0.601785013046402,-0.599044505320607,-0.594716762838919,-0.592770726675355,-0.593628653884127,-0.595748791765503,-0.597569955961807
-0.589948017391606,-0.585514428239835,-0.582656349167166,-0.582471771203334,-0.584505644833025,-0.588088272429361,-0.591379790951686,-0.59386494335502,-0.597488856144522,-0.609480955657419,-0.61785212547451,-0.617961312629382,-0.613183821694684,-0.600379423099473,-0.587647559262264,-0.584561938479631,-0.58288701543242,-0.577823181783079,-0.584339392708137,-0.583346237319711,-0.590506001505403,-0.598013528685429,-0.599095054786507,-0.598545079482864,-0.600182544934655,-0.593635352225648,-0.578963370824203,-0.570417026862254,-0.567733989435507,-0.564359827016634,-0.562952888561178,-0.564877930218593,-0.568366536654176,-0.568736103758757,-0.5690226160061,-0.574067633318918,-0.583306841202309,-0.5908710697605,-0.596449730572482,-0.602547722638734,-0.607466475627983,-0.606815133345962,-0.603372005697975,-0.602012835888433,-0.599343191153766,-0.594812246211114,-0.593046303042668,-0.593518594927058,-0.595345291742737,-0.597590003494385
-0.587393940881354,-0.583146797189254,-0.580856021934042,-0.581983689474173,-0.585223234922638,-0.58939995730021,-0.592948028705103,-0.591459631522481,-0.589034273797456,-0.601494222583804,-0.60781036699682,-0.613231015069008,-0.606440201509829,-0.596508042655745,-0.594623093881842,-0.59344846087688,-0.587989714500368,-0.58468106179328,-0.594228045915594,-0.595123296286644,-0.595045031670921,-0.597996711489125,-0.592105869705691,-0.588071359980246,-0.596598836206898,-0.595391222794254,-0.583636782192765,-0.576133229973003,-0.573160333229912,-0.568931085005744,-0.563790127725359,-0.564388721087183,-0.568933313837842,-0.569138436188953,-0.569512639794144,-0.571538328850131,-0.578588337992529,-0.584495822832783,-0.589688202233023,-0.595422089304172,-0.602275707877659,-0.604235090135086,-0.601720198664815,-0.600351425811468,-0.598100956183595,-0.595504278630662,-0.594379767504751,-0.594557846124179,-0.595882170473996,-0.598608215958637
-0.583063685403253,-0.581850682682093,-0.582673646183851,-0.586104927760389,-0.591128656773124,-0.595567954722331,-0.598046685537148,-0.596832992503379,-0.59421255027725,-0.595909754883371,-0.59467869981371,-0.599276956393977,-0.599292064762877,-0.598302419508307,-0.601988726352693,-0.598559411868667,-0.591756873419168,-0.588290793351181,-0.600467662301258,-0.601822791073579,-0.598226133254396,-0.597489633757337,-0.591233795126329,-0.590127960484502,-0.596579250274132,-0.59694257522636,-0.588274386316368,-0.582939772470692,-0.580217289043322,-0.574952260113533,-0.568268229102118,-0.567079692968786,-0.569751470821588,-0.569852010001642,-0.570042883041676,-0.57291591060265,-0.579745294158235,-0.58608417284571,-0.591255074807503,-0.596266927759089,-0.603209494814663,-0.608216542804183,-0.606966837302993,-0.604611079314179,-0.602352483244802,-0.599298659860562,-0.597233760751409,-0.596764241961698,-0.598077869854256,-0.600732860031798
-0.578123677206712,-0.580033441617384,-0.58306468783938,-0.587921970453599,-0.594951373748481,-0.603721691370551,-0.605948521102926,-0.603542672821274,-0.599137850996563,-0.598626440070484,-0.593433895549,-0.593276153743383,-0.59806438228591,-0.602457338755125,-0.60892717944505,-0.607843526161465,-0.604576033322373,-0.602844807393393,-0.608387636464942,-0.609553553091983,-0.604055174527899,-0.601211133781706,-0.597668015818543,-0.596063629151484,-0.596965560521777,-0.595108344812491,-0.589626094287449,-0.587238933701754,-0.584618976572085,-0.580256136951193,-0.575031538242213,-0.57236339285273,-0.570908718665207,-0.570408912390336,-0.570539273029594,-0.574234177832843,-0.581887300556809,-0.588565818072138,-0.594018059146628,-0.598936895754759,-0.606564038612806,-0.61259385703252,-0.612105190078737,-0.609927644947023,-0.606666052787504,-0.603249205157831,-0.600107080271278,-0.599495454278835,-0.600150219052029,-0.601867570997413
-0.573692200863739,-0.577809880319395,-0.58239969553702,-0.587541674884992,-0.594260067248179,-0.601294213644691,-0.60395145182426,-0.604324321803857,-0.604276220139639,-0.604375649876398,-0.602570548360272,-0.599859450789004,-0.603203416676046,-0.611280045399149,-0.612939889734961,-0.615725855454507,-0.614832234884762,-0.612696064807336,-0.612829374642373,-0.612437691095642,-0.606567616314563,-0.60392008639693,-0.601141969954446,-0.597595619195182,-0.594323838437083,-0.591661909715353,-0.59049594406733,-0.590450972925883,-0.588574703662517,-0.584751684773602,-0.580973100861295,-0.578498376617682,-0.575407955467624,-0.571371042935359,-0.570810634013177,-0.575275185512981,-0.582508926447303,-0.587956963622648,-0.593690390367235,-0.599750360608885,-0.605739274207298,-0.609918416278526,-0.610746437211438,-0.61136210830813,-0.60856282588639,-0.605399616215481,-0.603191202018392,-0.601479997966745,-0.60100861786487,-0.601247958389149
-0.570745132385624,-0.576246577045424,-0.581818660823599,-0.587083445562389,-0.59093892203917,-0.594576532154913,-0.597914209046376,-0.600381268462593,-0.60353474000855,-0.61167555111404,-0.617559060721495,-0.611192657007874,-0.609623535983432,-0.613628444172986,-0.609941928207599,-0.606785282286663,-0.612100424213621,-0.61676583877889,-0.617846238669034,-0.614616213041185,-0.60782286056515,-0.600725182850151,-0.595158534071048,-0.590536471035816,-0.586700999781732,-0.587243490861647,-0.589293528820871,-0.590885965566172,-0.590063602253798,-0.587367444657542,-0.586563915451342,-0.584589602223485,-0.579958231244752,-0.574309458574592,-0.573466410964211,-0.576975298915715,-0.583222710097488,-0.587762240474348,-0.593406319120789,-0.600013702563998,-0.601699772787971,-0.6031967745054,-0.605289753704636,-0.606502017873105,-0.60657161085673,-0.60576210209394,-0.604491732042079,-0.602620431084747,-0.600773673168395,-0.599087612860753
-0.568346079457892,-0.574900372676011,-0.580953314153341,-0.585833450262481,-0.588237482489214,-0.589544072734777,-0.593044951016213,-0.59573633469038,-0.599321594201227,-0.608835057436221,-0.617514840371275,-0.617095641114678,-0.608527515424967,-0.607164661372549,-0.601586172810889,-0.593379570837027,-0.597187908792567,-0.60908416900204,-0.612449414699589,-0.613846333291421,-0.610910613964316,-0.598719200002304,-0.5896256210918,-0.584265590193695,-0.579429364728131,-0.5805009995718,-0.584570392003034,-0.586905845265076,-0.587765414638909,-0.588246808930206,-0.588511933879184,-0.586868867683528,-0.581807074914486,-0.576412937890676,-0.575347691409683,-0.577824424974852,-0.582434319378748,-0.586670094826975,-0.592536453548913,-0.595492862752459,-0.594670307795388,-0.594262746241966,-0.595907595690765,-0.598237192667381,-0.602348197640754,-0.603664718977677,-0.603251295042089,-0.601365218957805,-0.598811735178206,-0.595783839748261
-0.566899239083235,-0.573842075075669,-0.579676872904744,-0.583871103108936,-0.58647848837415,-0.588316468438773,-0.589777303086725,-0.592209532551177,-0.596087306173657,-0.605481487327082,-0.610579699556824,-0.611717893023916,-0.603772381197171,-0.600060220020644,-0.593933264825567,-0.586941079988308,-0.586649617739002,-0.590992540056492,-0.598830262868105,-0.604210867845322,-0.607295023361322,-0.603125115709065,-0.595273819019793,-0.585989334462492,-0.578166251749535,-0.576419892134778,-0.578315520270931,-0.581131192554175,-0.584503290723308,-0.587396753012642,-0.587438570436724,-0.585251649707654,-0.581157214970678,-0.577651214793226,-0.577296919661931,-0.579092061261087,-0.58157239265511,-0.585334289040329,-0.589221061694283,-0.589859450136895,-0.589235969735941,-0.588394546067918,-0.589145745550711,-0.592342830211137,-0.596649710786173,-0.599277254218713,-0.599981700988188,-0.598979691286024,-0.596145202856728,-0.592030490350336
-0.565598930401363,-0.572592685478329,-0.578131407355828,-0.581837711061047,-0.584393421294376,-0.586463483995159,-0.588247898004063,-0.589735384929826,-0.592943067121285,-0.600172887039485,-0.604284316538066,-0.606105240904481,-0.604236613152911,-0.598496551403474,-0.591620122883384,-0.58579678672968,-0.582152068857165,-0.583278776764887,-0.58929739244131,-0.595713814183357,-0.600830262866041,-0.600950927860585,-0.596367599711072,-0.587352332769199,-0.579626363119736,-0.574032893410257,-0.572830152073521,-0.575621407807344,-0.580563884769742,-0.584724586961509,-0.584564316327825,-0.582082527772965,-0.579974490855429,-0.57887161227,-0.580154705399158,-0.581865437653255,-0.583043357188166,-0.585585152860231,-0.587377362422474,-0.587565396800291,-0.586427805261202,-0.584028408581155,-0.586176214117798,-0.589460980083733,-0.592565141044965,-0.594778023584639,-0.595935842099337,-0.595359327222483,-0.592675916467298,-0.587905859346304
-0.564546116417115,-0.571633331980801,-0.5768038040504,-0.580124040303008,-0.582392821127587,-0.584632498647246,-0.586408060405237,-0.587067273962147,-0.589095267769825,-0.594214063372467,-0.598324438250983,-0.601873608758315,-0.60427011215513,-0.600024949362971,-0.592764120938068,-0.586499476701511,-0.581140022873338,-0.579334116763107,-0.584640717747373,-0.590936306710099,-0.595648897118696,-0.595113839446973,-0.591077998837636,-0.586554351641631,-0.580463396972194,-0.573772836500906,-0.57009316603439,-0.572121521583587,-0.577089692116067,-0.581152027508859,-0.581709621561697,-0.581050703032615,-0.580396891655264,-0.581063572303685,-0.583790656651533,-0.586656660792766,-0.588069335066002,-0.589298410321192,-0.589604359048641,-0.588774742181174,-0.587334045013982,-0.585127912406227,-0.586394679328306,-0.589029279689428,-0.590723783389522,-0.591761116980782,-0.591941605823528,-0.591077904256424,-0.588395205858271,-0.583445405270549
-0.563748471399296,-0.570705118011147,-0.575362030647514,-0.578293168246896,-0.580331519341195,-0.581792493526503,-0.582667602609398,-0.583206484243531,-0.584903549501008,-0.589332961352515,-0.594365326666063,-0.599316385146167,-0.604509099556055,-0.6026322860414,-0.596224723434036,-0.588983287787152,-0.583173266326983,-0.580241811166208,-0.583176760747357,-0.588219954827035,-0.59130176581193,-0.589144597493199,-0.585219991438291,-0.583178999551383,-0.579822501356906,-0.574009276425917,-0.569998958626472,-0.570239238082934,-0.574654114144703,-0.578396450557023,-0.580562645681778,-0.582042334786027,-0.582918827382457,-0.585005133823931,-0.588861988115917,-0.59322451950121,-0.596372691477196,-0.597652832901894,-0.597583619791619,-0.59647584185096,-0.594215111400294,-0.592021897269668,-0.591243686511944,-0.591451546228841,-0.591142351171195,-0.590482832082668,-0.589179265765583,-0.587025506766978,-0.583647138071925,-0.578267756009462
-0.562587789231185,-0.569074134588283,-0.573154293092464,-0.575469421148759,-0.576504816456048,-0.576654095920577,-0.576907966567021,-0.577725552808177,-0.580046331034097,-0.585044899702871,-0.591734756234816,-0.59876620246089,-0.605773178195747,-0.605385663356506,-0.599014449735041,-0.59236124437524,-0.586661887301192,-0.584246889765732,-0.584260581359665,-0.585709956203983,-0.585864729711903,-0.582072460532179,-0.57912159822077,-0.577477854147197,-0.57490254208201,-0.571360952802202,-0.56877917143094,-0.568602685984509,-0.572543843499213,-0.577266915763723,-0.580912805161847,-0.583913601963796,-0.586739088561695,-0.590614042051856,-0.595744408837308,-0.601848442711307,-0.60779745102414,-0.61111969607881,-0.611836869443378,-0.609893486780965,-0.608381714819892,-0.604968419328234,-0.601871783490513,-0.598322948663956,-0.594623244017605,-0.591282694245804,-0.587763036505948,-0.583572550822092,-0.578832146200758,-0.572002609409802
